comedian_name,video_id,title,view_count,like_count,duration_seconds,published_at,thumbnail_url
"Aaditya Kulshreshth aka Kullu",UTEcYC28GNY,"Kullu | Fresher's Party | Full Stand up Comedy Special",2141135,70753,4385,2026-06-05T07:10:06Z,https://i.ytimg.com/vi/UTEcYC28GNY/hqdefault.jpg
"Aakash Gupta",Az38f7cUzK8,"School | Aakash Gupta | Stand-up Comedy",17192918,525180,1585,2024-12-28T16:04:03Z,https://i.ytimg.com/vi/Az38f7cUzK8/hqdefault.jpg
"Aakash Gupta",l_63zbTj9Hw,"My Corporate Job | Aakash Gupta | Stand-up comedy",13306387,423772,1460,2025-10-25T06:13:53Z,https://i.ytimg.com/vi/l_63zbTj9Hw/hqdefault.jpg
"Aakash Gupta",SVRH-pBw0cc,"Aakash Gupta | Angry Young Man | Full Stand-up Comedy Special",12571477,379977,3698,2025-03-07T15:15:37Z,https://i.ytimg.com/vi/SVRH-pBw0cc/hqdefault.jpg
"Aashish Solanki",KsEoGDgKdwQ,"Pretty Good Roast Show S1. EP 7/7 | Ft.   @kushakapila5643",30678265,710900,3465,2024-06-09T16:40:03Z,https://i.ytimg.com/vi/KsEoGDgKdwQ/hqdefault.jpg
"Aashish Solanki",7xNHz6lwxYs,"Pretty Good Roast Show S1. EP 2/7 |  Ft. @AnubhavSinghBassi",28545202,663844,3671,2024-04-27T09:22:36Z,https://i.ytimg.com/vi/7xNHz6lwxYs/hqdefault.jpg
"Aashish Solanki",U-SuiWkRAlo,"Pretty Good Roast Show: S1. EP 1/7 | Ft.  @AakashGupta",9916211,231315,3318,2024-04-19T13:59:15Z,https://i.ytimg.com/vi/U-SuiWkRAlo/hqdefault.jpg
"Aashish Solanki",gVFHPz0BKhw,"Judge Me If You Can Ep.14 ft Huma Qureshi & @beabassi",3102057,79658,3651,2026-07-04T05:49:32Z,https://i.ytimg.com/vi/gVFHPz0BKhw/hqdefault.jpg
"Abhishek Upmanyu",IcAV5qiko8M,"Abhishek Upmanyu - Jealous of Sabziwala (FULL SPECIAL)",41257562,1066421,3820,2023-10-09T09:10:47Z,https://i.ytimg.com/vi/IcAV5qiko8M/hqdefault.jpg
"Abhishek Upmanyu",E16WhXcIghM,"Team Animals - Stand-Up Comedy by Abhishek Upmanyu",40227036,1792303,1414,2021-04-02T08:11:03Z,https://i.ytimg.com/vi/E16WhXcIghM/hqdefault.jpg
"Abhishek Upmanyu",t8HrZTLRCeU,"Employee No.1 - Standup Comedy by Abhishek Upmanyu | Story",38780669,1125262,2415,2023-12-21T08:48:01Z,https://i.ytimg.com/vi/t8HrZTLRCeU/hqdefault.jpg
"Abhishek Upmanyu",_fWyWcZB7VA,"Health Anxiety - Standup Comedy by Abhishek Upmanyu",26225382,962241,1429,2023-02-24T18:02:04Z,https://i.ytimg.com/vi/_fWyWcZB7VA/hqdefault.jpg
"Akaash Singh",p_HqJyq2SYU,"Gaslit | Akaash Singh | Full Comedy Special",6615208,195859,4709,2024-03-10T16:00:07Z,https://i.ytimg.com/vi/p_HqJyq2SYU/hqdefault.jpg
"Akaash Singh",ePpIH_u6bHE,"Entire Comedy Show of ONLY Crowd Work",4573326,113802,1344,2022-03-30T16:01:36Z,https://i.ytimg.com/vi/ePpIH_u6bHE/hqdefault.jpg
"Akaash Singh",3RWA4IzuVvA,"Standup Comedy on SHROOMS | Akaash Singh (feat. Kase Raso)",1272586,33459,1434,2025-05-25T15:00:07Z,https://i.ytimg.com/vi/3RWA4IzuVvA/hqdefault.jpg
"Amit Tandon",Tkebl7-vO2c,"Sibling Stories with Zakir & Bassi | Chaar Yaar Ep. 5| ft. @ZakirKhan @AnubhavSinghBassi",1721687,35243,4475,2024-11-07T13:30:07Z,https://i.ytimg.com/vi/Tkebl7-vO2c/hqdefault.jpg
"Amit Tandon",lLRr_4DK9jk,"School Ke Din | Chaar Yaar with Amit Tandon Ep.15 ft Zakir Khan and Anubhav Singh Bassi",1461563,26586,4338,2025-01-30T12:30:07Z,https://i.ytimg.com/vi/lLRr_4DK9jk/hqdefault.jpg
"Amit Tandon",DQePNw_WZQ4,"Hamare Zamane Mein - A Stand Up Comedy Special by Amit Tandon",672269,11164,6233,2026-08-07T11:30:06Z,https://i.ytimg.com/vi/DQePNw_WZQ4/hqdefault.jpg
"Anubhav Singh Bassi",qkxuFKqJXWY,"Roommate - Stand Up Comedy Ft. Anubhav Singh Bassi",96234285,3166720,1365,2021-04-15T18:31:51Z,https://i.ytimg.com/vi/qkxuFKqJXWY/hqdefault.jpg
"Anubhav Singh Bassi",IEfBBYmxtIo,"UPSC - Stand Up Comedy Ft. Anubhav Singh Bassi",79504716,2374787,2246,2023-07-15T09:30:08Z,https://i.ytimg.com/vi/IEfBBYmxtIo/hqdefault.jpg
"Anubhav Singh Bassi",mbOO0Z6ryO0,"Ambulance - Stand Up Comedy Ft. Anubhav Singh Bassi",19674403,567105,1202,2025-10-19T14:10:59Z,https://i.ytimg.com/vi/mbOO0Z6ryO0/hqdefault.jpg
"BHARTI TV",GIDAWNQzblw,"Unlocking Success: @ZakirKhan 's Journey from OpenMic to Stardom",3120866,65435,2975,2024-01-15T14:45:11Z,https://i.ytimg.com/vi/GIDAWNQzblw/hqdefault.jpg
"Chirag Panjwani",zZCSz2B1JMU,"IIT Tough Hai | Indian Stand Up Comedy by Chirag Panjwani",3661596,105140,1202,2023-04-11T05:29:40Z,https://i.ytimg.com/vi/zZCSz2B1JMU/hqdefault.jpg
"Chirag Panjwani",P6LkCNRLwCI,"Dr. Panjwani | Stand Up Comedy Special by Chirag Panjwani",3644256,255160,4834,2026-06-03T13:30:07Z,https://i.ytimg.com/vi/P6LkCNRLwCI/hqdefault.jpg
"Chirag Panjwani",HAqVEM6DzvU,"Meri Pehli Shaadi | Stand Up Comedy Special by Chirag Panjwani",1818931,62539,4359,2024-11-15T07:38:57Z,https://i.ytimg.com/vi/HAqVEM6DzvU/hqdefault.jpg
"Chris D'Elia",TSi5zOfEaQE,"Chris D'Elia: Grow Or Die (STANDUP COMEDY SPECIAL)",1128319,29258,4174,2025-03-31T16:00:36Z,https://i.ytimg.com/vi/TSi5zOfEaQE/hqdefault.jpg
"Chris D'Elia",c_DPkzeMn1Q,"FULL SET - CROWDWORK IN HOUSTON - Chris D'Elia Stand Up Comedy",191847,3629,2160,2025-09-02T13:30:42Z,https://i.ytimg.com/vi/c_DPkzeMn1Q/hqdefault.jpg
CineDesi,QccCmgU1O1Q,"ABHISHEK UPMANYU | Friends, Crime & The Cosmos | Stand Up Comedy | Reaction | Jaby Koay",2428072,66026,1570,2020-06-05T13:00:22Z,https://i.ytimg.com/vi/QccCmgU1O1Q/hqdefault.jpg
CineDesi,buwMAHwhB7I,"HOSTEL | Anubhav Singh Bassi | Stand Up Comedy Reaction | Jaby Koay",2418712,61281,1539,2020-03-31T04:30:02Z,https://i.ytimg.com/vi/buwMAHwhB7I/hqdefault.jpg
CineDesi,NYdYI4U-igI,"ABHISHEK UPMANYU | HEALTH ANXIETY - Stand Up Comedy REACTION!",2046202,46541,2262,2023-05-18T05:00:08Z,https://i.ytimg.com/vi/NYdYI4U-igI/hqdefault.jpg
CineDesi,pY4j__UjTd8,"Samay Raina - STILL ALIVE Stand Up Reaction!",1671012,47831,6740,2026-04-28T07:08:57Z,https://i.ytimg.com/vi/pY4j__UjTd8/hqdefault.jpg
CineDesi,AmqXsWRHx1w,"AAKASH GUPTA | My First Euro Trip | Stand Up Comedy Reaction!",1623278,35997,1448,2024-02-13T06:00:07Z,https://i.ytimg.com/vi/AmqXsWRHx1w/hqdefault.jpg
CineDesi,YbvJ8ZPHT6w,"ABHISHEK UPMANYU | Tongue Issues - Stand Up Comedy REACTION!",1454855,42059,1214,2023-02-28T06:00:18Z,https://i.ytimg.com/vi/YbvJ8ZPHT6w/hqdefault.jpg
CineDesi,YnViX2Lgi70,"ZAKIR KHAN | CLASS  Stand Up Comedy Reaction!",862253,19763,2261,2025-01-13T10:30:28Z,https://i.ytimg.com/vi/YnViX2Lgi70/hqdefault.jpg
CineDesi,zyDmS4FXSQE,"AAKASH GUPTA | Childhood Dreams - Reaction! | Stand-Up Comedy | Crowdwork",813673,26413,1432,2022-02-03T07:30:06Z,https://i.ytimg.com/vi/zyDmS4FXSQE/hqdefault.jpg
CineDesi,dxpRy64WtY0,"AKAASH SINGH - GASLIT Reaction! | Stand-Up Special",547834,12647,5617,2024-04-17T07:00:17Z,https://i.ytimg.com/vi/dxpRy64WtY0/hqdefault.jpg
"Comedy Central Stand-Up",ts5FalYIzMw,"Anthony Jeselnik: Caligula - Full Special",3067001,43079,2517,2024-04-29T01:00:07Z,https://i.ytimg.com/vi/ts5FalYIzMw/hqdefault.jpg
"Comedy Central Stand-Up",5S5iZZEtTkg,"John Mulaney: New in Town - Full Special",2898845,53072,2523,2024-05-27T01:00:04Z,https://i.ytimg.com/vi/5S5iZZEtTkg/hqdefault.jpg
"Comedy Central Stand-Up",BUI0sGnx9Us,"“The Grinch That Stole Everything”- Theo Von - Full Special",1603615,22301,1260,2024-05-31T16:00:16Z,https://i.ytimg.com/vi/BUI0sGnx9Us/hqdefault.jpg
"Comedy Central UK",9D1_TnXvtWY,"Best Ever Chappelle's Show Moments | Chappelle's Show",4215618,29771,1574,2026-02-08T20:00:07Z,https://i.ytimg.com/vi/9D1_TnXvtWY/hqdefault.jpg
"Comedy Dynamics",e44hXvuy3OA,"Over an Hour of 420 Jokes - Stand-Up Comedy from Comedy Dynamics",2513675,18647,3667,2024-04-20T17:00:23Z,https://i.ytimg.com/vi/e44hXvuy3OA/hqdefault.jpg
"Comedy Dynamics",QI5GiTnmltM,"Best of Dan Cummins: Get Outta Here; Devil - Stand-Up Comedy",856394,16076,1787,2025-05-25T17:30:04Z,https://i.ytimg.com/vi/QI5GiTnmltM/hqdefault.jpg
"Devesh Dixit",far4bOQE69E,"LOVERBOY- Stand up Comedy by Devesh Dixit",1724125,51780,2332,2026-04-15T13:34:24Z,https://i.ytimg.com/vi/far4bOQE69E/hqdefault.jpg
"Devesh Dixit",PMWMprq0oJc,"Cult Games- Ep1 ft @aupmanyu @KaruneshTalwar @siddharthdudeja",183503,5802,2527,2026-07-31T11:47:54Z,https://i.ytimg.com/vi/PMWMprq0oJc/hqdefault.jpg
"Dry Bar Comedy",K-ZwTpeBLzo,"I have No Patience For Stupid People. Mike James - Full Special",4233036,81254,1561,2023-12-26T00:45:00Z,https://i.ytimg.com/vi/K-ZwTpeBLzo/hqdefault.jpg
"Dry Bar Comedy",ibVwBUNjgOE,"This Might Be The Best Comedy Special Ever. John Novosad - Full Special",3732170,51214,1541,2024-12-25T00:45:03Z,https://i.ytimg.com/vi/ibVwBUNjgOE/hqdefault.jpg
"Dry Bar Comedy",rsGt7wkETK4,"Get Ready To Be Offended. K-von - Full Special",1110599,31756,1267,2024-12-21T00:45:06Z,https://i.ytimg.com/vi/rsGt7wkETK4/hqdefault.jpg
"Gary Owen",JHbgA38R1OM,"Gary Owen: No Hard Feelings (2026) |  FULL SPECIAL",3889985,96129,3438,2026-03-07T22:00:07Z,https://i.ytimg.com/vi/JHbgA38R1OM/hqdefault.jpg
"Gary Owen",R7bVMWGpKOI,"Gary Owen: Off The Dome Houston | Crowd Work Compilation",2479925,33057,1847,2025-05-01T13:00:49Z,https://i.ytimg.com/vi/R7bVMWGpKOI/hqdefault.jpg
"Gaurav Kapoor",g3oNp6KQZJg,"LIE HARD Ep. 2 ft @AnubhavSinghBassi @gauravgupta6685 @ComicKaustubhAgarwal @boi_onkar",3125561,63733,4795,2025-06-06T06:51:02Z,https://i.ytimg.com/vi/g3oNp6KQZJg/hqdefault.jpg
"Gaurav Kapoor",EJzZ3ftkyt0,"LIE HARD Ep. 5 ft @AakashGupta @KennySebastian @TheRahulDua @ShreejaChaturvedi",2594038,53817,6270,2025-07-25T03:07:18Z,https://i.ytimg.com/vi/EJzZ3ftkyt0/hqdefault.jpg
"Gianmarco Soresi",sB9eWtzTOq0,"Gianmarco Soresi: Thief of Joy | Full Comedy Special",5278565,231650,3980,2025-09-19T23:00:07Z,https://i.ytimg.com/vi/sB9eWtzTOq0/hqdefault.jpg
"Gilly and Keeves",zKUpf1Vx0vs,"Shane Gillis Live In Austin | Stand Up Comedy",56324138,681813,2885,2021-09-07T14:00:22Z,https://i.ytimg.com/vi/zKUpf1Vx0vs/hqdefault.jpg
"Great Indian Comedy Central",1eHxYhQmjDI,"Comedy और Shayari की Class एक साथ.| Zakir Khan | Kapil Sharma | Best of The Kapil Sharma Show.",10703204,61594,2323,2025-03-31T11:30:02Z,https://i.ytimg.com/vi/1eHxYhQmjDI/hqdefault.jpg
"Great Indian Comedy Central",QngJL3TlUh4,"No Bakwas Only Full on Comedy.| ZAKIR KHAN | BHUVAN BAM | ANUBHAV SINGH BASSI | HARSH GUJRAL | TKSS.",7758383,62471,2548,2025-06-11T11:45:04Z,https://i.ytimg.com/vi/QngJL3TlUh4/hqdefault.jpg
"Great Indian Comedy Central",PFuZT7sWAcc,"Rahat Indori और Zakir Khan की Comedy और Shayari एक साथ.| THE KAPIL SHARMA SHOW.",2147419,15900,1965,2025-07-09T12:00:51Z,https://i.ytimg.com/vi/PFuZT7sWAcc/hqdefault.jpg
"Gursimran Khamba",x5cWXEsSsD0,"Nation Wants To Guess with Khamba | EP7 ft @AnubhavSinghBassi @AakashGupta @ShreejaChaturvedi",4581873,98389,4449,2026-02-08T06:30:06Z,https://i.ytimg.com/vi/x5cWXEsSsD0/hqdefault.jpg
"Harsh gujral",FtDv-L1stdo,"Akshay Kumar x Harsh Gujral | Roast Standup Comedy",23846028,599504,1232,2024-08-17T14:23:34Z,https://i.ytimg.com/vi/FtDv-L1stdo/hqdefault.jpg
"Harsh gujral",MwsHgn_jdIY,"22 Boyfriends | Crowd Work | Stand Up Comedy | Ft @Harshgujral",11427864,246304,1227,2025-04-30T12:04:05Z,https://i.ytimg.com/vi/MwsHgn_jdIY/hqdefault.jpg
"Harsh gujral",4Z-KLkjICoY,"Desi Boyfriend - A Standup Comedy Special By Harsh Gujral",7828172,180660,2736,2026-02-06T12:00:06Z,https://i.ytimg.com/vi/4Z-KLkjICoY/hqdefault.jpg
"Haseeb Khan",_97GyWAiJPk,"Haseeb Khan | FLAMES | ""STANDUP COMEDY SPECIAL""",5358519,165802,3332,2025-08-14T10:30:22Z,https://i.ytimg.com/vi/_97GyWAiJPk/hqdefault.jpg
"Inder Sahani",F8mX7rh3Kq0,"Types Of Travellers Standup Comedy By Inder Sahani",2123693,52923,2372,2025-02-17T13:45:01Z,https://i.ytimg.com/vi/F8mX7rh3Kq0/hqdefault.jpg
"Inder Sahani",5j18OH3b6wI,"Sorry Papa | Standup Comedy Special By Inder Sahani",1947121,65009,4994,2026-06-12T12:45:31Z,https://i.ytimg.com/vi/5j18OH3b6wI/hqdefault.jpg
"Inder Sahani",WduM5-nT200,"Tapu Sena Babur aur Aananya | Standup comedy By Inder Sahani",1748491,36619,2305,2026-05-06T13:45:22Z,https://i.ytimg.com/vi/WduM5-nT200/hqdefault.jpg
"Inder Sahani",98H7NpD_IeM,"Scam 2040 | Standup comedy by Inder Sahani",1064098,29203,2135,2026-07-28T12:45:32Z,https://i.ytimg.com/vi/98H7NpD_IeM/hqdefault.jpg
"Inder Sahani",U6MIV_0fmc4,"Shanky, Kundi Aur Thailand | Standup Comedy By Inder Sahani",996137,25742,2272,2026-01-07T13:45:07Z,https://i.ytimg.com/vi/U6MIV_0fmc4/hqdefault.jpg
"India's Got Latent Clips",fH_Lw-Xq_6Y,"BEST MOMENTS OF LATENT FROM 2024 | India's Got Latent",8917999,156637,2262,2025-01-01T12:27:14Z,https://i.ytimg.com/vi/fH_Lw-Xq_6Y/hqdefault.jpg
"India's Got Latent Clips",4ie-LR2JDPE,"BEST COMEBACKS AT LATENT (Part 1) | India's Got Latent",8290459,136507,1220,2025-02-04T14:51:05Z,https://i.ytimg.com/vi/4ie-LR2JDPE/hqdefault.jpg
"India's Got Latent Clips",zTxkGUG4TVI,"BEST ONE LINERS AT LATENT (Part 1) | India's Got Latent",6371714,101277,1622,2025-01-15T13:30:43Z,https://i.ytimg.com/vi/zTxkGUG4TVI/hqdefault.jpg
"India's Got Latent Clips",dom3czIxbtY,"BEST OF PARENTS AT LATENT | India's Got Latent",2720097,43697,1551,2025-07-07T17:14:53Z,https://i.ytimg.com/vi/dom3czIxbtY/hqdefault.jpg
"James Donald Forbes McCann",oawMfCMLkHU,"James Donald Forbes McCann | BLACK ISRAELITE | Stand Up Comedy",1831430,70597,1417,2025-09-02T00:30:06Z,https://i.ytimg.com/vi/oawMfCMLkHU/hqdefault.jpg
"Jaspreet Singh",BTz1r0jzl0M,"GROWN UP | Standup Comedy Special by Jaspreet Singh",6492391,242188,4374,2026-04-03T12:28:23Z,https://i.ytimg.com/vi/BTz1r0jzl0M/hqdefault.jpg
"Jaspreet Singh",lDtJtkBOBj0,"DAARU PARTY | Jaspreet Singh Standup Comedy",5442478,160110,1407,2024-11-29T11:30:34Z,https://i.ytimg.com/vi/lDtJtkBOBj0/hqdefault.jpg
"Jimmy Carr",oiSTUw1iaWc,"Humiliating American Hecklers | Jimmy Carr Crowd Work",3355575,47553,4999,2025-07-04T16:01:39Z,https://i.ytimg.com/vi/oiSTUw1iaWc/hqdefault.jpg
"Jimmy Carr",cL_DuIwl_ik,"Jimmy Carr's Darkest Material UNCUT | Jimmy Carr",1071724,10721,3570,2024-06-23T15:00:35Z,https://i.ytimg.com/vi/cL_DuIwl_ik/hqdefault.jpg
"KBC India",RjBoz1nfYqw,"New Season | KBC S17 | Ep. 70 | Full Episode | Big B अपनी हँसी रोक न पाए इन comedians की मस्ती पर!",3389471,33883,4371,2025-11-17T15:30:23Z,https://i.ytimg.com/vi/RjBoz1nfYqw/hqdefault.jpg
"Kaustubh Agarwal",eHMyxD0kAFM,"Banger Issues | Stand Up Comedy | Kaustubh Agarwal",2024636,76915,2621,2026-02-21T14:45:38Z,https://i.ytimg.com/vi/eHMyxD0kAFM/hqdefault.jpg
"Kaviraj Singh",J9BeQAJmx3g,"ARE WOMEN BECOMING MEN? | FULL COMEDY SPECIAL | KAVIRAJ SINGH",5929088,192510,2455,2025-04-04T04:20:07Z,https://i.ytimg.com/vi/J9BeQAJmx3g/hqdefault.jpg
"Kaviraj Singh",T6iS3P6_rbo,"WOMEN ENCORE | A STAND-UP COMEDY SPECIAL | KAVIRAJ | WOMEN PART II",2977755,145627,3043,2026-04-17T11:15:07Z,https://i.ytimg.com/vi/T6iS3P6_rbo/hqdefault.jpg
"Kenny Sebastian",Bgpji_zyHPE,"SimpleKen - Two Types of People Ep1 with @AakashGupta  ,@ShreejaChaturvedi &@shamikchakrabarti",541167,11800,3724,2024-04-22T04:30:08Z,https://i.ytimg.com/vi/Bgpji_zyHPE/hqdefault.jpg
KuchBhiMehta,YrkHZyQtKes,"No Smoking | FULL Stand up Comedy Special by Aakash Mehta",1792298,54411,3700,2023-03-01T16:00:08Z,https://i.ytimg.com/vi/YrkHZyQtKes/hqdefault.jpg
KuchBhiMehta,pqnhlrlrfmw,"NASTY | FULL Stand up Comedy Special by Aakash Mehta w/Subs in 10 languages!",830389,27118,4538,2023-07-07T15:30:13Z,https://i.ytimg.com/vi/pqnhlrlrfmw/hqdefault.jpg
"LIV Comedy",ZqTr77af2Bc,"Kusha ने किया Kapil के Show पे Stand Up Comedy! | The Kapil Sharma Show Season 2 | Full Episode",4917655,54591,3991,2023-02-28T16:00:30Z,https://i.ytimg.com/vi/ZqTr77af2Bc/hqdefault.jpg
"LIV Comedy",9RfQFS2hCzA,"Zakir Khan को देखकर Kapil ने क्यों बोला 'Ladies First'? | The Kapil Sharma Show S2 | Full Episode",843313,13453,4069,2023-10-16T06:15:00Z,https://i.ytimg.com/vi/9RfQFS2hCzA/hqdefault.jpg
"Laksh maheshwari",LhKGrmP6wGE,"Laila Majnu Funny Film Hai | Ravi Gupta Stand-up Comedy",3513520,53505,1418,2025-05-16T12:16:52Z,https://i.ytimg.com/vi/LhKGrmP6wGE/hqdefault.jpg
"Laugh Society",_MX7jvKoLsM,"48 Minutes of Jimmy O. Yang | Guess How Much?",6986549,111441,2902,2025-05-24T15:00:57Z,https://i.ytimg.com/vi/_MX7jvKoLsM/hqdefault.jpg
"Laugh Up Club",TUERjJCw0tE,"Dave Chappelle on Transgender for 25 Minutes straight.",5550239,126099,1507,2021-10-17T12:30:16Z,https://i.ytimg.com/vi/TUERjJCw0tE/hqdefault.jpg
"Laugh Up Club",f3Y4rWf004M,"30 min of Dave Chappelle.",2502186,24153,1910,2020-08-09T16:39:51Z,https://i.ytimg.com/vi/f3Y4rWf004M/hqdefault.jpg
"Lucas Zelnick",hEMJQakG6x8,"Netflix Is A Joke Full Crowd Work Special | Lucas Zelnick Stand Up Comedy Crowd Work",306678,13840,1875,2026-06-01T16:00:06Z,https://i.ytimg.com/vi/hEMJQakG6x8/hqdefault.jpg
"Lucas Zelnick",hcLcw8LJF4E,"The Algorithm Hates These Topics | Lucas Zelnick Stand Up Comedy Crowd Work",188955,7037,1271,2025-09-22T19:00:43Z,https://i.ytimg.com/vi/hcLcw8LJF4E/hqdefault.jpg
"Lucas Zelnick",W4nTFxTeiX4,"Best Crowd Work of 2025 - Part 1 | Lucas Zelnick Stand Up Comedy",177081,4759,1640,2025-06-16T16:00:51Z,https://i.ytimg.com/vi/W4nTFxTeiX4/hqdefault.jpg
"Madhur Virli",PPjYWaqCffQ,"The IIT Dream | Stand Up Comedy Special by Madhur Virli",10841597,319391,4346,2024-06-08T19:45:06Z,https://i.ytimg.com/vi/PPjYWaqCffQ/hqdefault.jpg
"Madhur Virli",ONiMILytYok,"LOVE & LATEX | Stand Up Comedy by Madhur Virli",5218501,169869,1677,2024-02-03T05:00:09Z,https://i.ytimg.com/vi/ONiMILytYok/hqdefault.jpg
"Madhur Virli",X035AnATXfQ,"MasterPeace | Stand Up Comedy Special by Madhur Virli",4279351,170561,5625,2026-04-01T04:32:32Z,https://i.ytimg.com/vi/X035AnATXfQ/hqdefault.jpg
"Madhur Virli",weegmDivgrk,"Fifty Shades of Gay | Stand Up Comedy by Madhur Virli",3882478,132007,1449,2025-04-05T10:31:49Z,https://i.ytimg.com/vi/weegmDivgrk/hqdefault.jpg
"Madhur Virli - RAW",hDopzusS4s0,"Heckler Emo Girl Shouts *BAKWAS SHOW* | Bakwas Stand Up Comedy by Madhur Virli",2274512,86961,1281,2024-10-30T23:36:28Z,https://i.ytimg.com/vi/hDopzusS4s0/hqdefault.jpg
"Manhar Seth",2g93525nrOs,"ManHarsh - The Pookies | Crowdwork | Manhar Seth Ft. Harsh Gujral ",2309739,51612,3485,2026-01-03T13:31:32Z,https://i.ytimg.com/vi/2g93525nrOs/hqdefault.jpg
"Matt Rife",qmGWKB5sxbE,"MATT RIFE ROASTS LOS ANGELES | crowdwork compilation",2125564,30730,1851,2025-05-12T17:27:26Z,https://i.ytimg.com/vi/qmGWKB5sxbE/hqdefault.jpg
"Matt Rife",v1uuDwSg1II,"EURO TRIP COMPILATION | Matt Rife crowd work",659056,11632,3737,2026-06-09T19:14:49Z,https://i.ytimg.com/vi/v1uuDwSg1II/hqdefault.jpg
"Max Amini",Oy2QyPQ5L5M,"Max Amini FULL COMEDY SPECIAL 2025 | ""Randomly Selected"" | Stand Up Comedy",18999815,228678,3000,2025-02-05T16:30:11Z,https://i.ytimg.com/vi/Oy2QyPQ5L5M/hqdefault.jpg
"Max Amini",RHenOJXqu3I,"Indian Love w/ Zakir Khan | Wild Truth Ep. 013",1392722,31308,3076,2025-08-02T13:54:00Z,https://i.ytimg.com/vi/RHenOJXqu3I/hqdefault.jpg
"Munawar Faruqui",cHLM9L_5gj0,"Doctor & Engineer | Crowd Work | Stand-Up Comedy By Munawar Faruqui",27896600,1085867,1246,2021-05-01T17:30:15Z,https://i.ytimg.com/vi/cHLM9L_5gj0/hqdefault.jpg
"Munawar Faruqui",t4BfHoHawAM,"Stand-Up Comedy | Crowd Work by Munawar Faruqui",19283189,767431,1579,2021-07-10T19:15:12Z,https://i.ytimg.com/vi/t4BfHoHawAM/hqdefault.jpg
"Munawar Faruqui",azrW-87DFAU,"Hanif ki Shaadi | Standup Comedy by Munawar Faruqui | 2023",18775988,720193,1899,2023-09-14T15:30:11Z,https://i.ytimg.com/vi/azrW-87DFAU/hqdefault.jpg
"Munawar Faruqui",wk62YFS3gqc,"Munawar Faruqui - DHANDHO - Standup Comedy (Full Special)",14037426,579659,6524,2026-07-11T16:30:15Z,https://i.ytimg.com/vi/wk62YFS3gqc/hqdefault.jpg
"Munawar Faruqui",vh3km-f3kMI,"War & Gen-Z | Standup Comedy | Munawar Faruqui | 2025",8455550,285486,1219,2025-05-26T12:30:07Z,https://i.ytimg.com/vi/vh3km-f3kMI/hqdefault.jpg
"Naman Jain",RfbS_zVrhV8,"JAADOO TONA | STAND UP COMEDY BY NAMAN JAIN",3142712,86978,1330,2025-08-01T13:35:06Z,https://i.ytimg.com/vi/RfbS_zVrhV8/hqdefault.jpg
"Naman Jain",fQ8kpMzFqZg,"Bachpan | Standup Comedy Special BY NAMAN JAIN",726455,27525,3199,2026-07-18T13:35:06Z,https://i.ytimg.com/vi/fQ8kpMzFqZg/hqdefault.jpg
"Nate Jackson",JXFQBLl2WIw,"NATE JACKSON OCTOBER 2025 CROWD WORK JOINT",1610267,26815,4526,2025-10-03T23:00:07Z,https://i.ytimg.com/vi/JXFQBLl2WIw/hqdefault.jpg
"Nate Jackson",cE7wdyD5U6s,"NATE JACKSON February 2026 CROWD WORK JOINT",755571,10017,3849,2026-02-28T00:00:52Z,https://i.ytimg.com/vi/cE7wdyD5U6s/hqdefault.jpg
"Netflix India",QbNv1LMPdPI,"Bassi & Kapil Sharma REVEAL Comedy Secrets, On-Set Moments & More with the Gang | TGIKS | Netflix",14689098,163014,1265,2024-12-09T13:30:00Z,https://i.ytimg.com/vi/QbNv1LMPdPI/hqdefault.jpg
"Netflix Is A Joke",3tR6mKcBbT4,"8:46 - Dave Chappelle",35456525,947035,1641,2020-06-12T04:59:23Z,https://i.ytimg.com/vi/3tR6mKcBbT4/hqdefault.jpg
"Netflix Is A Joke",n3l4hJS0jsc,"40 Minutes of Black Comedy Excellence",18403891,237312,2279,2021-02-16T01:50:42Z,https://i.ytimg.com/vi/n3l4hJS0jsc/hqdefault.jpg
"Netflix Is A Joke",rp9uFWWBmdE,"Bill Burr, Sebastian Maniscalco, and more on Stand-up vs Therapy | Netflix",2718989,32220,1294,2022-12-07T19:00:00Z,https://i.ytimg.com/vi/rp9uFWWBmdE/hqdefault.jpg
"Nishant Suri",L7ExBB0XdaU,"Gaaliyan emotion hai | Standup Comedy by Nishant Suri",1598140,53868,1254,2025-09-13T14:11:33Z,https://i.ytimg.com/vi/L7ExBB0XdaU/hqdefault.jpg
"Pete Holmes",Bp29wwaZIYo,"Taylor Tomlinson on Prodigal Daughter, Stand-Up & Life | You Made It Weird #peteholmes",96029,2329,6979,2026-02-18T15:00:27Z,https://i.ytimg.com/vi/Bp29wwaZIYo/hqdefault.jpg
"Phil Hanley",MmtiZ1GohoY,"Phil Hanley | Live in San Francisco | Full Crowd Work Show",1276182,24755,1605,2024-10-02T21:20:01Z,https://i.ytimg.com/vi/MmtiZ1GohoY/hqdefault.jpg
"Pranav Sharma",sYXi5bG2Twg,"""TRIP WITH GIRLFRIEND"" -  Stand Up Comedy ft. Pranav Sharma",14454246,400405,1247,2024-11-09T12:32:36Z,https://i.ytimg.com/vi/sYXi5bG2Twg/hqdefault.jpg
"Pranav Sharma",TSGWdEo90tE,"""INSECURITY"" ||  Stand Up Comedy by Pranav Sharma",7297745,230599,1417,2025-12-12T12:06:43Z,https://i.ytimg.com/vi/TSGWdEo90tE/hqdefault.jpg
"Pranav Sharma",_YWQzYMX0Dk,"Flight, Button aur Do Trial Jokes || Stand Up Comedy by Pranav Sharma",3551440,117616,1273,2026-04-29T11:42:35Z,https://i.ytimg.com/vi/_YWQzYMX0Dk/hqdefault.jpg
"Pranit More Crowdwork Clips",4hLnDkV-kwQ,"Delhi Belly | Pranit More | Stand-up Comedy | Crowd Work Special",2620906,42710,2130,2025-12-27T13:30:07Z,https://i.ytimg.com/vi/4hLnDkV-kwQ/hqdefault.jpg
"Pranit More Crowdwork Clips",OK_1aHz6K2c,"Generation Gap | Pranit More | Stand-Up Comedy",1591301,26408,1887,2026-02-16T13:12:13Z,https://i.ytimg.com/vi/OK_1aHz6K2c/hqdefault.jpg
"Pranit More Official",O0PRgYHI0XQ,"Ladies Special 2 | Pranit More | Stand-up Comedy | Crowd Work Special",14351650,296850,3302,2026-05-08T13:30:22Z,https://i.ytimg.com/vi/O0PRgYHI0XQ/hqdefault.jpg
"Pranit More Official",Kzz_wtyvJ8Q,"Ladies Special | Pranit More | Stand-up Comedy | Crowd Work Special",11872466,289494,3834,2026-04-24T13:30:23Z,https://i.ytimg.com/vi/Kzz_wtyvJ8Q/hqdefault.jpg
"Pranit More Official",nM2GiLfoZZY,"The Last PM Show | Pranit More | Stand-up Comedy",10816130,326334,3170,2025-12-18T13:30:59Z,https://i.ytimg.com/vi/nM2GiLfoZZY/hqdefault.jpg
"Pranit More Official",gATlVX3IMlQ,"Date pe Chalein | Pranit More | Stand-up Comedy | Crowd Work Special",7005750,135387,3688,2026-03-20T13:48:00Z,https://i.ytimg.com/vi/gATlVX3IMlQ/hqdefault.jpg
"Pranit More Official",SnspIerLmOo,"Sigma Male | Pranit More | Stand-Up Comedy | Crowd Work Special",6772712,159996,3698,2024-11-23T13:30:15Z,https://i.ytimg.com/vi/SnspIerLmOo/hqdefault.jpg
"Pranit More Official",E7PZLZignvM,"Cheater Wife | Pranit More | Stand-up Comedy | Crowd Work Special",6714185,217450,3389,2026-01-09T15:00:34Z,https://i.ytimg.com/vi/E7PZLZignvM/hqdefault.jpg
"Pranit More Official",2x9U6q1eCwk,"Ladies Special 3 | Pranit More | Stand-up Comedy | Crowd Work Special",6655561,145434,3120,2026-05-29T13:30:24Z,https://i.ytimg.com/vi/2x9U6q1eCwk/hqdefault.jpg
"Pranit More Official",nssdB76CyyM,"Pride Show | Pranit More | Stand-up Comedy | Crowd Work Special",5724142,132236,3402,2026-06-05T13:30:06Z,https://i.ytimg.com/vi/nssdB76CyyM/hqdefault.jpg
"Pranit More Official",7gWd1ljuq60,"PRANIT KO GUSSA KYUN AAYA? | Pranit More | Stand-up Comedy | Crowd Work Special",5716052,130098,1549,2025-08-01T13:30:11Z,https://i.ytimg.com/vi/7gWd1ljuq60/hqdefault.jpg
"Pranit More Official",_3AKjy3oJl8,"Pyar Ka Punchnama | Pranit More | Stand-Up Comedy | Crowd Work Special",5355877,136315,2833,2024-12-20T13:30:30Z,https://i.ytimg.com/vi/_3AKjy3oJl8/hqdefault.jpg
"Pranit More Official",3RSAeEmgbf8,"Cheater Girlfriend | Pranit More | Stand-up Comedy | Crowd Work Special",3094992,73073,2563,2025-05-20T05:30:01Z,https://i.ytimg.com/vi/3RSAeEmgbf8/hqdefault.jpg
"Rahul Dua",W8-n2o8CaFU,"TRUMP v2.0 | Standup Comedy by Rahul Dua | 2025",4446357,93224,1254,2025-05-18T11:30:07Z,https://i.ytimg.com/vi/W8-n2o8CaFU/hqdefault.jpg
"Rahul Subramanian",R-CFngU1qRY,"RAHUL SUBRAMANIAN | FULL STAND UP COMEDY SPECIAL | WHO ARE YOU?",2570966,65168,3645,2026-03-12T15:00:06Z,https://i.ytimg.com/vi/R-CFngU1qRY/hqdefault.jpg
"Ravi Gupta",AgQ8RV3zn2A,"Attitude | Stand-up Comedy by Ravi Gupta",35059559,1137150,1207,2024-02-22T15:30:11Z,https://i.ytimg.com/vi/AgQ8RV3zn2A/hqdefault.jpg
"Russell Howard",l-5SVa_JWUM,"Taylor Tomlinson's Gotta Get A Wife! | Russell Howard's Five Brilliant Things | Full Episode",148033,3931,3870,2025-09-10T06:00:43Z,https://i.ytimg.com/vi/l-5SVa_JWUM/hqdefault.jpg
"Samay Raina",LhpZJwUboeI,"Samay Raina - STILL ALIVE (Full Special)",71411335,4235559,4861,2026-04-07T13:45:06Z,https://i.ytimg.com/vi/LhpZJwUboeI/hqdefault.jpg
"Samay Raina",eHTXQW58WhA,"INDIA’S GOT LATENT S2 EP1 ft. Alia Bhatt, Sharvari, Ashish Solanki ",64780081,2751829,3561,2026-06-20T13:28:06Z,https://i.ytimg.com/vi/eHTXQW58WhA/hqdefault.jpg
"Samay Raina",c35fpGWqXnk,"INDIA’S GOT LATENT S2 EP2 ft. Harssh Limbachiya, Kiku Sharda, Chandan Prabhakar",45439059,1743870,3685,2026-07-03T13:28:06Z,https://i.ytimg.com/vi/c35fpGWqXnk/hqdefault.jpg
"Samay Raina",aSR1tndcaLE,"INDIA’S GOT LATENT S2 EP3 ft. Raghu Ram, Vishal Dadlani, Tanmay Bhat, Yashraj",37558200,1429016,3224,2026-07-17T13:30:07Z,https://i.ytimg.com/vi/aSR1tndcaLE/hqdefault.jpg
"Samay Raina",B6NVvtIz9_Q,"INDIA’S GOT LATENT S2 EP4 ft. Karan Aujla, Tanmay Bhat, Gurleen Pannu, Rahul Dua",36990446,1545059,3234,2026-08-02T06:30:07Z,https://i.ytimg.com/vi/B6NVvtIz9_Q/hqdefault.jpg
"Samay Raina",wVBf39WPInc,"BHARWO KE KHILADI | Life is Unfair",5999769,266366,3662,2022-01-25T06:45:09Z,https://i.ytimg.com/vi/wVBf39WPInc/hqdefault.jpg
"Sapan Verma",Qm6AwT7lBgw,"Chill Sesh Ep 5 Johny Lever | Sapan Verma @AakashGupta @Its_jamielever",1215113,29293,2463,2025-07-31T13:26:32Z,https://i.ytimg.com/vi/Qm6AwT7lBgw/hqdefault.jpg
"Shamik Chakrabarti",3eOkj9uCfT0,"Shamik Chakrabarti: Despite Appearances | Full Stand-Up Comedy Special",794090,28761,4443,2026-03-17T12:30:11Z,https://i.ytimg.com/vi/3eOkj9uCfT0/hqdefault.jpg
"Shashi Dhiman",kmcnAEP14Sk,"I Finally Said Yes | Standup Comedy Special by Shashi Dhiman",833781,26476,4568,2026-06-27T08:57:31Z,https://i.ytimg.com/vi/kmcnAEP14Sk/hqdefault.jpg
"Shubham Pujari",FX8x_4me_R8,"Behen Ka Swayamvar | Standup Comedy by Shubham Pujari",2598356,73500,1523,2025-08-12T13:37:10Z,https://i.ytimg.com/vi/FX8x_4me_R8/hqdefault.jpg
"Shubham Pujari",hzDZsuKG6R8,"Chhoti Soch | Standup Comedy Special by Shubham Pujari",1331834,34977,5067,2026-04-28T13:48:04Z,https://i.ytimg.com/vi/hzDZsuKG6R8/hqdefault.jpg
"So True with Caleb Hearon",vNmpl8iolY0,"Taylor Tomlinson Isn't Settling",555957,16043,4389,2026-03-26T18:00:52Z,https://i.ytimg.com/vi/vNmpl8iolY0/hqdefault.jpg
"Son Of Abish",xhpVSauk5n8,"Journey Of A Joke feat. Anubhav Singh Bassi | Cheating",1226908,46146,1801,2020-06-29T12:37:06Z,https://i.ytimg.com/vi/xhpVSauk5n8/hqdefault.jpg
"Swati Sachdeva",mTfSyBqwIV8,"Family First | Stand-up comedy by Swati Sachdeva | U/A 16+",6529576,150890,1218,2025-03-20T15:30:19Z,https://i.ytimg.com/vi/mTfSyBqwIV8/hqdefault.jpg
"Tanmay Bhat",bg7PJgHdZqI,"ZAKIR'S GOT LATENT",4561560,146181,1556,2025-04-08T14:30:06Z,https://i.ytimg.com/vi/bg7PJgHdZqI/hqdefault.jpg
"The Comedy Factory",GOJuBY3oOtE,"The Lavari Show EP 12 | ft. Zakir Khan | આપણો પોતાનો ઝાકીર | The Comedy Factory",1504458,44103,1566,2024-08-20T18:24:06Z,https://i.ytimg.com/vi/GOJuBY3oOtE/hqdefault.jpg
"The Kapil Sharma Show",RENkIsGc--0,"Abhishek Upmanyu करने लगे अपनी ही Shows को Roast | The Kapil Sharma Show 2 | Ep 292 | Full Episode",4042502,62460,4125,2024-04-09T15:30:14Z,https://i.ytimg.com/vi/RENkIsGc--0/hqdefault.jpg
"Trevor Wallace",EOJJcgnHPPk,"CRAZIEST Crowd Work Moments of 2024 | Trevor Wallace",1817478,37547,2691,2024-12-28T16:45:00Z,https://i.ytimg.com/vi/EOJJcgnHPPk/hqdefault.jpg
"Trevor Wallace",gIJPY3AM0nk,"A Crowd Work Special with Trevor Wallace",562064,17302,3260,2026-04-02T00:00:29Z,https://i.ytimg.com/vi/gIJPY3AM0nk/hqdefault.jpg
"Universal Comedy",4UQTaw6yXa4,"25 Minutes Of Top Notch Comedy From Ricky Gervais",1385432,13032,1518,2025-03-12T17:00:04Z,https://i.ytimg.com/vi/4UQTaw6yXa4/hqdefault.jpg
"Vaibhav Arora",qRdFOYaTZC0,"Dhurandhar In Depression | Stand Up Comedy Special Ft.Vaibhav Arora",352980,7822,1781,2026-04-24T12:31:15Z,https://i.ytimg.com/vi/qRdFOYaTZC0/hqdefault.jpg
"Varun Grover",O-sdocGbdRg,"Varun Grover || Comedy Special || Nothing Makes Sense",5236060,147235,4870,2026-01-02T15:21:31Z,https://i.ytimg.com/vi/O-sdocGbdRg/hqdefault.jpg
"Varun Grover",xNfDz6ZClj4,"Gravity vs Comedy | Upmanyu | Biswa | Prashasti | Grover | All India Rank | Releasing 23rd Feb",1816579,45456,4378,2024-02-19T16:06:56Z,https://i.ytimg.com/vi/xNfDz6ZClj4/hqdefault.jpg
"Vidit Gujrathi",zX9oWQoTjWM,"UNDERSTANDING COMEDY ft.@SamayRainaOfficial",628500,29632,6228,2020-05-31T17:54:11Z,https://i.ytimg.com/vi/zX9oWQoTjWM/hqdefault.jpg
"Vidit Sharma",jMDq_yxvv5c,"Loose Emotions EP 9| Stand Up Comedy | @RajatSood  Kaustubh Agarwal & Vidit Sharma",1163889,38889,2643,2026-03-27T12:30:44Z,https://i.ytimg.com/vi/jMDq_yxvv5c/hqdefault.jpg
"Vikas Kush Sharma",-IiLZJ9ebvo,"Hello Hello | Best Ever Phone Compilation |Crowd Work | Stand Up Comedy | Ft @VikasKushSharma",475545,8357,1357,2026-05-08T15:30:01Z,https://i.ytimg.com/vi/-IiLZJ9ebvo/hqdefault.jpg
"Vikas Kush Sharma",28A9XKrtnA4,"Halki Halki Fati By Vikas Kush Sharma | Part 2 | Crowd Work Standup Comedy Special | Standup Comedy",409829,9477,1738,2026-04-17T13:30:03Z,https://i.ytimg.com/vi/28A9XKrtnA4/hqdefault.jpg
"Zakir Khan",vflWLItnwfA,"CLASS | Zakir khan | Stand up Comedy | Sukha Puri 8",27537773,721789,1447,2025-01-03T06:30:08Z,https://i.ytimg.com/vi/vflWLItnwfA/hqdefault.jpg
"Zakir Khan",OQQ1sGphUj4,"“Meri Dastaan sunana” Zakir Khan at Spoken 2017",12618989,376096,1778,2018-02-14T07:35:41Z,https://i.ytimg.com/vi/OQQ1sGphUj4/hqdefault.jpg
"Zakir Khan",EV-rF0N1was,"Tafseel Se Baatein - Zakir Khan in Conversation with Aamir Khan and Mansoor Khan",1556436,27497,3638,2026-04-30T12:58:53Z,https://i.ytimg.com/vi/EV-rF0N1was/hqdefault.jpg
