video_id,comedian_name,title,content_type,view_count,like_count,duration_seconds,published_at,thumbnail_url,is_duplicate
txN_qF7Sk6k,Matt Rife,Unfiltered Matt Rife Comedy | Matt Rife Viral Crowd Work Moments,compilation,3342308,34582,2827,2025-09-04T18:01:00Z,https://i.ytimg.com/vi/txN_qF7Sk6k/hqdefault.jpg,false
2m2520TuUdk,Matt Rife,Matt Rife | Only Fans (Full Comedy Special),full_special,18636214,312179,3820,2023-01-20T23:00:11Z,https://i.ytimg.com/vi/2m2520TuUdk/hqdefault.jpg,false
v69-181zzk8,800 Pound Gorilla Media,Mark Normand | Out To Lunch (Full Comedy Special),full_special,4621998,74019,3169,2024-05-13T00:00:07Z,https://i.ytimg.com/vi/v69-181zzk8/hqdefault.jpg,false
zG10W6HYKTk,800 Pound Gorilla Media,Kelsey Cook | The Hustler (Full Comedy Special),full_special,4424581,78576,3786,2023-03-10T01:00:11Z,https://i.ytimg.com/vi/zG10W6HYKTk/hqdefault.jpg,false
OLGrx-m-0iA,800 Pound Gorilla SFW Comedy,2 Hours of All Killer Comedy | Stand-Up Comedy Compilation,compilation,1018433,6584,8666,2025-10-12T17:00:36Z,https://i.ytimg.com/vi/OLGrx-m-0iA/hqdefault.jpg,false
UTEcYC28GNY,Aaditya Kulshreshth aka Kullu,Kullu | Fresher's Party | Full Stand up Comedy Special,full_special,2141135,70753,4385,2026-06-05T07:10:06Z,https://i.ytimg.com/vi/UTEcYC28GNY/hqdefault.jpg,false
Az38f7cUzK8,Aakash Gupta,School | Aakash Gupta | Stand-up Comedy,full_special,17192918,525180,1585,2024-12-28T16:04:03Z,https://i.ytimg.com/vi/Az38f7cUzK8/hqdefault.jpg,false
SVRH-pBw0cc,Aakash Gupta,Aakash Gupta | Angry Young Man | Full Stand-up Comedy Special,full_special,12571477,379977,3698,2025-03-07T15:15:37Z,https://i.ytimg.com/vi/SVRH-pBw0cc/hqdefault.jpg,false
KsEoGDgKdwQ,Aashish Solanki,Pretty Good Roast Show S1. EP 7/7 | Ft.   @kushakapila5643,full_special,30678265,710900,3465,2024-06-09T16:40:03Z,https://i.ytimg.com/vi/KsEoGDgKdwQ/hqdefault.jpg,false
7xNHz6lwxYs,Aashish Solanki,Pretty Good Roast Show S1. EP 2/7 |  Ft. @AnubhavSinghBassi,full_special,28545202,663844,3671,2024-04-27T09:22:36Z,https://i.ytimg.com/vi/7xNHz6lwxYs/hqdefault.jpg,false
U-SuiWkRAlo,Aashish Solanki,Pretty Good Roast Show: S1. EP 1/7 | Ft.  @AakashGupta,full_special,9916211,231315,3318,2024-04-19T13:59:15Z,https://i.ytimg.com/vi/U-SuiWkRAlo/hqdefault.jpg,false
gVFHPz0BKhw,Aashish Solanki,Judge Me If You Can Ep.14 ft Huma Qureshi & @beabassi,full_special,3102057,79658,3651,2026-07-04T05:49:32Z,https://i.ytimg.com/vi/gVFHPz0BKhw/hqdefault.jpg,false
IcAV5qiko8M,Abhishek Upmanyu,Abhishek Upmanyu - Jealous of Sabziwala (FULL SPECIAL),full_special,41257562,1066421,3820,2023-10-09T09:10:47Z,https://i.ytimg.com/vi/IcAV5qiko8M/hqdefault.jpg,false
t8HrZTLRCeU,Abhishek Upmanyu,Employee No.1 - Standup Comedy by Abhishek Upmanyu | Story,full_special,38780669,1125262,2415,2023-12-21T08:48:01Z,https://i.ytimg.com/vi/t8HrZTLRCeU/hqdefault.jpg,false
Xz_0FKSL7Pw,Dave Chappelle,Dave Chappelle   HBO Comedy Half Hour Uncensored360p H 264 AAC,full_special,1916695,20980,1694,2023-01-30T10:41:21Z,https://i.ytimg.com/vi/Xz_0FKSL7Pw/hqdefault.jpg,false
3RI5tgjjwTA,After Midnight,After Midnight | FULL Premiere Episode with Taylor Tomlinson | Watch now for FREE | CBS,full_special,1570188,44853,2372,2024-01-17T09:02:54Z,https://i.ytimg.com/vi/3RI5tgjjwTA/hqdefault.jpg,false
p_HqJyq2SYU,Akaash Singh,Gaslit | Akaash Singh | Full Comedy Special,full_special,6615208,195859,4709,2024-03-10T16:00:07Z,https://i.ytimg.com/vi/p_HqJyq2SYU/hqdefault.jpg,false
ePpIH_u6bHE,Akaash Singh,Entire Comedy Show of ONLY Crowd Work,crowd_work_clip,4573326,113802,1344,2022-03-30T16:01:36Z,https://i.ytimg.com/vi/ePpIH_u6bHE/hqdefault.jpg,false
Tkebl7-vO2c,Amit Tandon,Sibling Stories with Zakir & Bassi | Chaar Yaar Ep. 5| ft. @ZakirKhan @AnubhavSinghBassi,full_special,1721687,35243,4475,2024-11-07T13:30:07Z,https://i.ytimg.com/vi/Tkebl7-vO2c/hqdefault.jpg,false
lLRr_4DK9jk,Zakir Khan,School Ke Din | Chaar Yaar with Amit Tandon Ep.15 ft Zakir Khan and Anubhav Singh Bassi,full_special,1461563,26586,4338,2025-01-30T12:30:07Z,https://i.ytimg.com/vi/lLRr_4DK9jk/hqdefault.jpg,false
DQePNw_WZQ4,Amit Tandon,Hamare Zamane Mein - A Stand Up Comedy Special by Amit Tandon,full_special,672269,11164,6233,2026-08-07T11:30:06Z,https://i.ytimg.com/vi/DQePNw_WZQ4/hqdefault.jpg,false
IEfBBYmxtIo,Anubhav Singh Bassi,UPSC - Stand Up Comedy Ft. Anubhav Singh Bassi,full_special,79504716,2374787,2246,2023-07-15T09:30:08Z,https://i.ytimg.com/vi/IEfBBYmxtIo/hqdefault.jpg,false
GIDAWNQzblw,BHARTI TV,Unlocking Success: @ZakirKhan 's Journey from OpenMic to Stardom,full_special,3120866,65435,2975,2024-01-15T14:45:11Z,https://i.ytimg.com/vi/GIDAWNQzblw/hqdefault.jpg,false
BjloZ57TF78,Dave Chappelle,Dave Chappelle: The Truth About People Who Go on Cruises | Stand-Up Comedy,full_special,1010198,14391,4344,2026-02-26T01:00:20Z,https://i.ytimg.com/vi/BjloZ57TF78/hqdefault.jpg,false
fzRNriBqbk4,Abhishek Upmanyu,Abhishek upmanyu  new standup comedy,full_special,1118182,0,2142,2025-05-03T11:32:05Z,https://i.ytimg.com/vi/fzRNriBqbk4/hqdefault.jpg,false
P6LkCNRLwCI,Chirag Panjwani,Dr. Panjwani | Stand Up Comedy Special by Chirag Panjwani,full_special,3644256,255160,4834,2026-06-03T13:30:07Z,https://i.ytimg.com/vi/P6LkCNRLwCI/hqdefault.jpg,false
HAqVEM6DzvU,Chirag Panjwani,Meri Pehli Shaadi | Stand Up Comedy Special by Chirag Panjwani,full_special,1818931,62539,4359,2024-11-15T07:38:57Z,https://i.ytimg.com/vi/HAqVEM6DzvU/hqdefault.jpg,false
TSi5zOfEaQE,Chris D'Elia,Chris D'Elia: Grow Or Die (STANDUP COMEDY SPECIAL),full_special,1128319,29258,4174,2025-03-31T16:00:36Z,https://i.ytimg.com/vi/TSi5zOfEaQE/hqdefault.jpg,false
ts5FalYIzMw,Comedy Central Stand-Up,Anthony Jeselnik: Caligula - Full Special,full_special,3067001,43079,2517,2024-04-29T01:00:07Z,https://i.ytimg.com/vi/ts5FalYIzMw/hqdefault.jpg,false
5S5iZZEtTkg,Comedy Central Stand-Up,John Mulaney: New in Town - Full Special,full_special,2898845,53072,2523,2024-05-27T01:00:04Z,https://i.ytimg.com/vi/5S5iZZEtTkg/hqdefault.jpg,false
9D1_TnXvtWY,Comedy Central UK,Best Ever Chappelle's Show Moments | Chappelle's Show,compilation,4215618,29771,1574,2026-02-08T20:00:07Z,https://i.ytimg.com/vi/9D1_TnXvtWY/hqdefault.jpg,false
s-ONlhskCrA,Dave Chappelle,Dave Chappelle Full Stand Up || Deep In The Heart Of Texas,full_special,6702791,82954,3646,2022-03-29T23:34:37Z,https://i.ytimg.com/vi/s-ONlhskCrA/hqdefault.jpg,false
pvc_XDDrwgc,Dave Chappelle,Dave Chappelle Full Stand Up ☆ || Equa•nimity ||☆ Everything I Say Upsets Somebody,full_special,6373736,91161,3349,2022-02-04T04:52:03Z,https://i.ytimg.com/vi/pvc_XDDrwgc/hqdefault.jpg,false
e44hXvuy3OA,Comedy Dynamics,Over an Hour of 420 Jokes - Stand-Up Comedy from Comedy Dynamics,full_special,2513675,18647,3667,2024-04-20T17:00:23Z,https://i.ytimg.com/vi/e44hXvuy3OA/hqdefault.jpg,false
QI5GiTnmltM,Comedy Dynamics,Best of Dan Cummins: Get Outta Here; Devil - Stand-Up Comedy,compilation,856394,16076,1787,2025-05-25T17:30:04Z,https://i.ytimg.com/vi/QI5GiTnmltM/hqdefault.jpg,false
k6WNXMLTB5o,Cracked Comedy Club,60 Jokes That Are Pure Comedy Gold in 60 Minutes | Full Standup Comedy Compilation,compilation,774503,5651,3310,2025-08-22T01:00:06Z,https://i.ytimg.com/vi/k6WNXMLTB5o/hqdefault.jpg,false
XOZ4gEMnOks,Dave Chappelle,"Dave Chappelle in Texas. one of the best story tellers to ever live. March 21, 2017",full_special,670228,5713,3737,2025-12-12T18:25:23Z,https://i.ytimg.com/vi/XOZ4gEMnOks/hqdefault.jpg,false
5is7HU9-Svc,Dave Chappelle,8 of Dave Chappelle Funniest Jokes Ever,full_special,4857604,43408,1884,2022-01-19T12:49:38Z,https://i.ytimg.com/vi/5is7HU9-Svc/hqdefault.jpg,false
far4bOQE69E,Devesh Dixit,LOVERBOY- Stand up Comedy by Devesh Dixit,full_special,1724125,51780,2332,2026-04-15T13:34:24Z,https://i.ytimg.com/vi/far4bOQE69E/hqdefault.jpg,false
QpD7BYULwpY,Dave Chappelle,"Dave Chappelle Collection on Letterman, 1994-2014",full_special,5519408,44899,4107,2020-10-29T05:31:49Z,https://i.ytimg.com/vi/QpD7BYULwpY/hqdefault.jpg,false
ku5BobRq0to,Samay Raina,Samay Raina | Dostcast w/ Vinamre Kasanaa,full_special,1867440,40885,3834,2026-04-17T14:30:40Z,https://i.ytimg.com/vi/ku5BobRq0to/hqdefault.jpg,false
K-ZwTpeBLzo,Dry Bar Comedy,I have No Patience For Stupid People. Mike James - Full Special,full_special,4233036,81254,1561,2023-12-26T00:45:00Z,https://i.ytimg.com/vi/K-ZwTpeBLzo/hqdefault.jpg,false
ibVwBUNjgOE,Dry Bar Comedy,This Might Be The Best Comedy Special Ever. John Novosad - Full Special,full_special,3732170,51214,1541,2024-12-25T00:45:03Z,https://i.ytimg.com/vi/ibVwBUNjgOE/hqdefault.jpg,false
JHbgA38R1OM,Gary Owen,Gary Owen: No Hard Feelings (2026) |  FULL SPECIAL,full_special,3889985,96129,3438,2026-03-07T22:00:07Z,https://i.ytimg.com/vi/JHbgA38R1OM/hqdefault.jpg,false
R7bVMWGpKOI,Gary Owen,Gary Owen: Off The Dome Houston | Crowd Work Compilation,compilation,2479925,33057,1847,2025-05-01T13:00:49Z,https://i.ytimg.com/vi/R7bVMWGpKOI/hqdefault.jpg,false
g3oNp6KQZJg,Gaurav Kapoor,LIE HARD Ep. 2 ft @AnubhavSinghBassi @gauravgupta6685 @ComicKaustubhAgarwal @boi_onkar,full_special,3125561,63733,4795,2025-06-06T06:51:02Z,https://i.ytimg.com/vi/g3oNp6KQZJg/hqdefault.jpg,false
EJzZ3ftkyt0,Gaurav Kapoor,LIE HARD Ep. 5 ft @AakashGupta @KennySebastian @TheRahulDua @ShreejaChaturvedi,full_special,2594038,53817,6270,2025-07-25T03:07:18Z,https://i.ytimg.com/vi/EJzZ3ftkyt0/hqdefault.jpg,false
sB9eWtzTOq0,Gianmarco Soresi,Gianmarco Soresi: Thief of Joy | Full Comedy Special,full_special,5278565,231650,3980,2025-09-19T23:00:07Z,https://i.ytimg.com/vi/sB9eWtzTOq0/hqdefault.jpg,false
zKUpf1Vx0vs,Gilly and Keeves,Shane Gillis Live In Austin | Stand Up Comedy,full_special,56324138,681813,2885,2021-09-07T14:00:22Z,https://i.ytimg.com/vi/zKUpf1Vx0vs/hqdefault.jpg,false
QngJL3TlUh4,Zakir Khan,No Bakwas Only Full on Comedy.| ZAKIR KHAN | BHUVAN BAM | ANUBHAV SINGH BASSI | HARSH GUJRAL | TKSS.,full_special,7758383,62471,2548,2025-06-11T11:45:04Z,https://i.ytimg.com/vi/QngJL3TlUh4/hqdefault.jpg,false
x5cWXEsSsD0,Gursimran Khamba,Nation Wants To Guess with Khamba | EP7 ft @AnubhavSinghBassi @AakashGupta @ShreejaChaturvedi,full_special,4581873,98389,4449,2026-02-08T06:30:06Z,https://i.ytimg.com/vi/x5cWXEsSsD0/hqdefault.jpg,false
MwsHgn_jdIY,Harsh gujral,22 Boyfriends | Crowd Work | Stand Up Comedy | Ft @Harshgujral,crowd_work_clip,11427864,246304,1227,2025-04-30T12:04:05Z,https://i.ytimg.com/vi/MwsHgn_jdIY/hqdefault.jpg,false
4Z-KLkjICoY,Harsh Gujral,Desi Boyfriend - A Standup Comedy Special By Harsh Gujral,full_special,7828172,180660,2736,2026-02-06T12:00:06Z,https://i.ytimg.com/vi/4Z-KLkjICoY/hqdefault.jpg,false
_97GyWAiJPk,Haseeb Khan,Haseeb Khan | FLAMES | STANDUP COMEDY SPECIAL,full_special,5358519,165802,3332,2025-08-14T10:30:22Z,https://i.ytimg.com/vi/_97GyWAiJPk/hqdefault.jpg,false
F8mX7rh3Kq0,Inder Sahani,Types Of Travellers Standup Comedy By Inder Sahani,full_special,2123693,52923,2372,2025-02-17T13:45:01Z,https://i.ytimg.com/vi/F8mX7rh3Kq0/hqdefault.jpg,false
5j18OH3b6wI,Inder Sahani,Sorry Papa | Standup Comedy Special By Inder Sahani,full_special,1947121,65009,4994,2026-06-12T12:45:31Z,https://i.ytimg.com/vi/5j18OH3b6wI/hqdefault.jpg,false
WduM5-nT200,Inder Sahani,Tapu Sena Babur aur Aananya | Standup comedy By Inder Sahani,full_special,1748491,36619,2305,2026-05-06T13:45:22Z,https://i.ytimg.com/vi/WduM5-nT200/hqdefault.jpg,false
98H7NpD_IeM,Inder Sahani,Scam 2040 | Standup comedy by Inder Sahani,full_special,1064098,29203,2135,2026-07-28T12:45:32Z,https://i.ytimg.com/vi/98H7NpD_IeM/hqdefault.jpg,false
U6MIV_0fmc4,Inder Sahani,"Shanky, Kundi Aur Thailand | Standup Comedy By Inder Sahani",full_special,996137,25742,2272,2026-01-07T13:45:07Z,https://i.ytimg.com/vi/U6MIV_0fmc4/hqdefault.jpg,false
fH_Lw-Xq_6Y,India's Got Latent Clips,BEST MOMENTS OF LATENT FROM 2024 | India's Got Latent,compilation,8917999,156637,2262,2025-01-01T12:27:14Z,https://i.ytimg.com/vi/fH_Lw-Xq_6Y/hqdefault.jpg,false
zTxkGUG4TVI,India's Got Latent Clips,BEST ONE LINERS AT LATENT (Part 1) | India's Got Latent,full_special,6371714,101277,1622,2025-01-15T13:30:43Z,https://i.ytimg.com/vi/zTxkGUG4TVI/hqdefault.jpg,false
dom3czIxbtY,India's Got Latent Clips,BEST OF PARENTS AT LATENT | India's Got Latent,compilation,2720097,43697,1551,2025-07-07T17:14:53Z,https://i.ytimg.com/vi/dom3czIxbtY/hqdefault.jpg,false
jM_BQYeiD5Y,Dave Chappelle,Dave Chappelle For What Its Worth,full_special,6350548,46040,3459,2018-02-14T16:07:42Z,https://i.ytimg.com/vi/jM_BQYeiD5Y/hqdefault.jpg,false
BTz1r0jzl0M,Jaspreet Singh,GROWN UP | Standup Comedy Special by Jaspreet Singh,full_special,6492391,242188,4374,2026-04-03T12:28:23Z,https://i.ytimg.com/vi/BTz1r0jzl0M/hqdefault.jpg,false
oiSTUw1iaWc,Jimmy Carr,Humiliating American Hecklers | Jimmy Carr Crowd Work,crowd_work_clip,3355575,47553,4999,2025-07-04T16:01:39Z,https://i.ytimg.com/vi/oiSTUw1iaWc/hqdefault.jpg,false
cL_DuIwl_ik,Jimmy Carr,Jimmy Carr's Darkest Material UNCUT | Jimmy Carr,full_special,1071724,10721,3570,2024-06-23T15:00:35Z,https://i.ytimg.com/vi/cL_DuIwl_ik/hqdefault.jpg,false
lupX9szykio,Joke WRLD,The Ultimate Crowd Work Compilation,compilation,1626058,16373,1878,2023-05-20T16:21:42Z,https://i.ytimg.com/vi/lupX9szykio/hqdefault.jpg,false
RjBoz1nfYqw,KBC India,New Season | KBC S17 | Ep. 70 | Full Episode | Big B अपनी हँसी रोक न पाए इन comedians की मस्ती पर!,full_special,3389471,33883,4371,2025-11-17T15:30:23Z,https://i.ytimg.com/vi/RjBoz1nfYqw/hqdefault.jpg,false
eHMyxD0kAFM,Kaustubh Agarwal,Banger Issues | Stand Up Comedy | Kaustubh Agarwal,full_special,2024636,76915,2621,2026-02-21T14:45:38Z,https://i.ytimg.com/vi/eHMyxD0kAFM/hqdefault.jpg,false
J9BeQAJmx3g,Kaviraj Singh,ARE WOMEN BECOMING MEN? | FULL COMEDY SPECIAL | KAVIRAJ SINGH,full_special,5929088,192510,2455,2025-04-04T04:20:07Z,https://i.ytimg.com/vi/J9BeQAJmx3g/hqdefault.jpg,false
T6iS3P6_rbo,Kaviraj Singh,WOMEN ENCORE | A STAND-UP COMEDY SPECIAL | KAVIRAJ | WOMEN PART II,full_special,2977755,145627,3043,2026-04-17T11:15:07Z,https://i.ytimg.com/vi/T6iS3P6_rbo/hqdefault.jpg,false
Bgpji_zyHPE,Kenny Sebastian,"SimpleKen - Two Types of People Ep1 with @AakashGupta  ,@ShreejaChaturvedi &@shamikchakrabarti",full_special,541167,11800,3724,2024-04-22T04:30:08Z,https://i.ytimg.com/vi/Bgpji_zyHPE/hqdefault.jpg,false
YrkHZyQtKes,KuchBhiMehta,No Smoking | FULL Stand up Comedy Special by Aakash Mehta,full_special,1792298,54411,3700,2023-03-01T16:00:08Z,https://i.ytimg.com/vi/YrkHZyQtKes/hqdefault.jpg,false
pqnhlrlrfmw,KuchBhiMehta,NASTY | FULL Stand up Comedy Special by Aakash Mehta w/Subs in 10 languages!,full_special,830389,27118,4538,2023-07-07T15:30:13Z,https://i.ytimg.com/vi/pqnhlrlrfmw/hqdefault.jpg,false
_MX7jvKoLsM,Laugh Society,48 Minutes of Jimmy O. Yang | Guess How Much?,full_special,6986549,111441,2902,2025-05-24T15:00:57Z,https://i.ytimg.com/vi/_MX7jvKoLsM/hqdefault.jpg,false
TUERjJCw0tE,Dave Chappelle,Dave Chappelle on Transgender for 25 Minutes straight.,full_special,5550239,126099,1507,2021-10-17T12:30:16Z,https://i.ytimg.com/vi/TUERjJCw0tE/hqdefault.jpg,false
f3Y4rWf004M,Dave Chappelle,30 min of Dave Chappelle.,full_special,2502186,24153,1910,2020-08-09T16:39:51Z,https://i.ytimg.com/vi/f3Y4rWf004M/hqdefault.jpg,false
EZfchrc6e9Q,Samay Raina,"Kunal Kamra Exposes Samay Raina, Modi, Shiv Sena, Arnab 😱",full_special,1635492,48420,5573,2026-04-11T11:30:03Z,https://i.ytimg.com/vi/EZfchrc6e9Q/hqdefault.jpg,false
ulTnvrrOKsM,Dave Chappelle,The Best Of Dave Chappelle | David Letterman,compilation,564096,4744,1357,2025-03-05T16:01:05Z,https://i.ytimg.com/vi/ulTnvrrOKsM/hqdefault.jpg,false
PPjYWaqCffQ,Madhur Virli,The IIT Dream | Stand Up Comedy Special by Madhur Virli,full_special,10841597,319391,4346,2024-06-08T19:45:06Z,https://i.ytimg.com/vi/PPjYWaqCffQ/hqdefault.jpg,false
ONiMILytYok,Madhur Virli,LOVE & LATEX | Stand Up Comedy by Madhur Virli,full_special,5218501,169869,1677,2024-02-03T05:00:09Z,https://i.ytimg.com/vi/ONiMILytYok/hqdefault.jpg,false
X035AnATXfQ,Madhur Virli,MasterPeace | Stand Up Comedy Special by Madhur Virli,full_special,4279351,170561,5625,2026-04-01T04:32:32Z,https://i.ytimg.com/vi/X035AnATXfQ/hqdefault.jpg,false
2g93525nrOs,Harsh Gujral,ManHarsh - The Pookies | Crowdwork | Manhar Seth Ft. Harsh Gujral ,crowd_work_clip,2309739,51612,3485,2026-01-03T13:31:32Z,https://i.ytimg.com/vi/2g93525nrOs/hqdefault.jpg,false
qmGWKB5sxbE,Matt Rife,MATT RIFE ROASTS LOS ANGELES | crowdwork compilation,compilation,2125564,30730,1851,2025-05-12T17:27:26Z,https://i.ytimg.com/vi/qmGWKB5sxbE/hqdefault.jpg,false
v1uuDwSg1II,Matt Rife,EURO TRIP COMPILATION | Matt Rife crowd work,compilation,659056,11632,3737,2026-06-09T19:14:49Z,https://i.ytimg.com/vi/v1uuDwSg1II/hqdefault.jpg,false
Oy2QyPQ5L5M,Max Amini,Max Amini FULL COMEDY SPECIAL 2025 | Randomly Selected | Stand Up Comedy,full_special,18999815,228678,3000,2025-02-05T16:30:11Z,https://i.ytimg.com/vi/Oy2QyPQ5L5M/hqdefault.jpg,false
RHenOJXqu3I,Zakir Khan,Indian Love w/ Zakir Khan | Wild Truth Ep. 013,full_special,1392722,31308,3076,2025-08-02T13:54:00Z,https://i.ytimg.com/vi/RHenOJXqu3I/hqdefault.jpg,false
cHLM9L_5gj0,Munawar Faruqui,Doctor & Engineer | Crowd Work | Stand-Up Comedy By Munawar Faruqui,crowd_work_clip,27896600,1085867,1246,2021-05-01T17:30:15Z,https://i.ytimg.com/vi/cHLM9L_5gj0/hqdefault.jpg,false
t4BfHoHawAM,Munawar Faruqui,Stand-Up Comedy | Crowd Work by Munawar Faruqui,crowd_work_clip,19283189,767431,1579,2021-07-10T19:15:12Z,https://i.ytimg.com/vi/t4BfHoHawAM/hqdefault.jpg,false
azrW-87DFAU,Munawar Faruqui,Hanif ki Shaadi | Standup Comedy by Munawar Faruqui | 2023,full_special,18775988,720193,1899,2023-09-14T15:30:11Z,https://i.ytimg.com/vi/azrW-87DFAU/hqdefault.jpg,false
wk62YFS3gqc,Munawar Faruqui,Munawar Faruqui - DHANDHO - Standup Comedy (Full Special),full_special,14037426,579659,6524,2026-07-11T16:30:15Z,https://i.ytimg.com/vi/wk62YFS3gqc/hqdefault.jpg,false
fQ8kpMzFqZg,Naman Jain,Bachpan | Standup Comedy Special BY NAMAN JAIN,full_special,726455,27525,3199,2026-07-18T13:35:06Z,https://i.ytimg.com/vi/fQ8kpMzFqZg/hqdefault.jpg,false
JXFQBLl2WIw,Nate Jackson,NATE JACKSON OCTOBER 2025 CROWD WORK JOINT,crowd_work_clip,1610267,26815,4526,2025-10-03T23:00:07Z,https://i.ytimg.com/vi/JXFQBLl2WIw/hqdefault.jpg,false
cE7wdyD5U6s,Nate Jackson,NATE JACKSON February 2026 CROWD WORK JOINT,crowd_work_clip,755571,10017,3849,2026-02-28T00:00:52Z,https://i.ytimg.com/vi/cE7wdyD5U6s/hqdefault.jpg,false
3tR6mKcBbT4,Dave Chappelle,8:46 - Dave Chappelle,full_special,35456525,947035,1641,2020-06-12T04:59:23Z,https://i.ytimg.com/vi/3tR6mKcBbT4/hqdefault.jpg,false
n3l4hJS0jsc,Netflix Is A Joke,40 Minutes of Black Comedy Excellence,full_special,18403891,237312,2279,2021-02-16T01:50:42Z,https://i.ytimg.com/vi/n3l4hJS0jsc/hqdefault.jpg,false
IcyKZF8PU4c,Page,1 Hour of Dave Chapelle Destroying Arrogant People,full_special,2200108,24387,5829,2025-11-25T15:00:37Z,https://i.ytimg.com/vi/IcyKZF8PU4c/hqdefault.jpg,false
aKqBwUZfOtA,PanDaddyPowa,"Dαve Chαρρelle bϵst skits, ultimαte compilαtion!",full_special,3687038,28380,7935,2024-04-07T03:45:16Z,https://i.ytimg.com/vi/aKqBwUZfOtA/hqdefault.jpg,false
MmtiZ1GohoY,Phil Hanley,Phil Hanley | Live in San Francisco | Full Crowd Work Show,crowd_work_clip,1276182,24755,1605,2024-10-02T21:20:01Z,https://i.ytimg.com/vi/MmtiZ1GohoY/hqdefault.jpg,false
yg8aTu1cyCw,Dave Chappelle,Joe Rogan Experience #1647 - Dave Chappelle,full_special,10894166,124451,11763,2024-06-27T17:35:10Z,https://i.ytimg.com/vi/yg8aTu1cyCw/hqdefault.jpg,false
jqUdnuxQijs,Samay Raina,Prakhar Gupta x Samay Raina | PGX #41 @SamayRainaOfficial,full_special,12343210,379135,4659,2024-08-01T15:30:07Z,https://i.ytimg.com/vi/jqUdnuxQijs/hqdefault.jpg,false
HGQd4262O6s,Prakhar Gupta,@AakashGupta's most unhinged travel stories,full_special,675763,16159,6632,2026-02-06T12:30:33Z,https://i.ytimg.com/vi/HGQd4262O6s/hqdefault.jpg,false
4hLnDkV-kwQ,Pranit More,Delhi Belly | Pranit More | Stand-up Comedy | Crowd Work Special,crowd_work_clip,2620906,42710,2130,2025-12-27T13:30:07Z,https://i.ytimg.com/vi/4hLnDkV-kwQ/hqdefault.jpg,false
OK_1aHz6K2c,Pranit More,Generation Gap | Pranit More | Stand-Up Comedy,full_special,1591301,26408,1887,2026-02-16T13:12:13Z,https://i.ytimg.com/vi/OK_1aHz6K2c/hqdefault.jpg,false
O0PRgYHI0XQ,Pranit More,Ladies Special 2 | Pranit More | Stand-up Comedy | Crowd Work Special,crowd_work_clip,14351650,296850,3302,2026-05-08T13:30:22Z,https://i.ytimg.com/vi/O0PRgYHI0XQ/hqdefault.jpg,false
Kzz_wtyvJ8Q,Pranit More,Ladies Special | Pranit More | Stand-up Comedy | Crowd Work Special,crowd_work_clip,11872466,289494,3834,2026-04-24T13:30:23Z,https://i.ytimg.com/vi/Kzz_wtyvJ8Q/hqdefault.jpg,false
nM2GiLfoZZY,Pranit More,The Last PM Show | Pranit More | Stand-up Comedy,full_special,10816130,326334,3170,2025-12-18T13:30:59Z,https://i.ytimg.com/vi/nM2GiLfoZZY/hqdefault.jpg,false
gATlVX3IMlQ,Pranit More,Date pe Chalein | Pranit More | Stand-up Comedy | Crowd Work Special,crowd_work_clip,7005750,135387,3688,2026-03-20T13:48:00Z,https://i.ytimg.com/vi/gATlVX3IMlQ/hqdefault.jpg,false
SnspIerLmOo,Pranit More,Sigma Male | Pranit More | Stand-Up Comedy | Crowd Work Special,crowd_work_clip,6772712,159996,3698,2024-11-23T13:30:15Z,https://i.ytimg.com/vi/SnspIerLmOo/hqdefault.jpg,false
E7PZLZignvM,Pranit More,Cheater Wife | Pranit More | Stand-up Comedy | Crowd Work Special,crowd_work_clip,6714185,217450,3389,2026-01-09T15:00:34Z,https://i.ytimg.com/vi/E7PZLZignvM/hqdefault.jpg,false
2x9U6q1eCwk,Pranit More,Ladies Special 3 | Pranit More | Stand-up Comedy | Crowd Work Special,crowd_work_clip,6655561,145434,3120,2026-05-29T13:30:24Z,https://i.ytimg.com/vi/2x9U6q1eCwk/hqdefault.jpg,false
nssdB76CyyM,Pranit More,Pride Show | Pranit More | Stand-up Comedy | Crowd Work Special,crowd_work_clip,5724142,132236,3402,2026-06-05T13:30:06Z,https://i.ytimg.com/vi/nssdB76CyyM/hqdefault.jpg,false
7gWd1ljuq60,Pranit More,PRANIT KO GUSSA KYUN AAYA? | Pranit More | Stand-up Comedy | Crowd Work Special,crowd_work_clip,5716052,130098,1549,2025-08-01T13:30:11Z,https://i.ytimg.com/vi/7gWd1ljuq60/hqdefault.jpg,false
_3AKjy3oJl8,Pranit More,Pyar Ka Punchnama | Pranit More | Stand-Up Comedy | Crowd Work Special,crowd_work_clip,5355877,136315,2833,2024-12-20T13:30:30Z,https://i.ytimg.com/vi/_3AKjy3oJl8/hqdefault.jpg,false
3RSAeEmgbf8,Pranit More,Cheater Girlfriend | Pranit More | Stand-up Comedy | Crowd Work Special,crowd_work_clip,3094992,73073,2563,2025-05-20T05:30:01Z,https://i.ytimg.com/vi/3RSAeEmgbf8/hqdefault.jpg,false
3mRtw5Zmk-s,Anubhav Singh Bassi,Bas kar bassi | Part 2 | full (official video) | Anubhav singh bassi | stand up |amazon prime video,full_special,1496038,6654,4662,2025-01-27T06:02:59Z,https://i.ytimg.com/vi/3mRtw5Zmk-s/hqdefault.jpg,false
MnoGUOGy0Go,Abhishek Upmanyu,Comedy is not Easy Standup comedy by ABHISHEK UPMANYU,full_special,599090,2616,2462,2025-02-24T18:30:24Z,https://i.ytimg.com/vi/MnoGUOGy0Go/hqdefault.jpg,false
R-CFngU1qRY,Rahul Subramanian,RAHUL SUBRAMANIAN | FULL STAND UP COMEDY SPECIAL | WHO ARE YOU?,full_special,2570966,65168,3645,2026-03-12T15:00:06Z,https://i.ytimg.com/vi/R-CFngU1qRY/hqdefault.jpg,false
M8ICGx4p0lA,Zakir Khan,"@ZakirKhan On Parents, Relationship, Bollywood, Success, Money | Zakir Khan | FO 148 | Raj Shamani",full_special,7814414,174255,4910,2023-12-13T14:57:28Z,https://i.ytimg.com/vi/M8ICGx4p0lA/hqdefault.jpg,false
URfOK9CPDzY,Raj Shamani,"@AakashGupta On Childhood, Comicstaan, Standup Comedy, Money, Marriage & Cricket | FO294 Raj Shamani",full_special,1072178,23279,7351,2024-12-24T14:57:09Z,https://i.ytimg.com/vi/URfOK9CPDzY/hqdefault.jpg,false
WO0mT1R01KQ,Dave Chappelle,33 Minutes Of Dave Chappelle 2024.,full_special,3504107,31914,2012,2024-07-27T19:32:00Z,https://i.ytimg.com/vi/WO0mT1R01KQ/hqdefault.jpg,false
_Mb_LzPPozU,Abhishek Upmanyu,KBC S17 | New Season | Ep 70 | KBC Par Standup Comics Ka Tadka! | Ravi Gupta | Abhishek Upmanyu,full_special,5683201,95354,4328,2025-11-17T15:30:22Z,https://i.ytimg.com/vi/_Mb_LzPPozU/hqdefault.jpg,false
84W1O3Wgtaw,SET India,'Stree' के साथ Zakir की Masti | Aapka Apna Zakir | Ep 2 | Full Episode | 11 Aug 2024,full_special,669310,13364,2551,2024-09-28T15:30:04Z,https://i.ytimg.com/vi/84W1O3Wgtaw/hqdefault.jpg,false
eHTXQW58WhA,Samay Raina,"INDIA’S GOT LATENT S2 EP1 ft. Alia Bhatt, Sharvari, Ashish Solanki ",full_special,64780081,2751829,3561,2026-06-20T13:28:06Z,https://i.ytimg.com/vi/eHTXQW58WhA/hqdefault.jpg,false
c35fpGWqXnk,Samay Raina,"INDIA’S GOT LATENT S2 EP2 ft. Harssh Limbachiya, Kiku Sharda, Chandan Prabhakar",full_special,45439059,1743870,3685,2026-07-03T13:28:06Z,https://i.ytimg.com/vi/c35fpGWqXnk/hqdefault.jpg,false
aSR1tndcaLE,Samay Raina,"INDIA’S GOT LATENT S2 EP3 ft. Raghu Ram, Vishal Dadlani, Tanmay Bhat, Yashraj",full_special,37558200,1429016,3224,2026-07-17T13:30:07Z,https://i.ytimg.com/vi/aSR1tndcaLE/hqdefault.jpg,false
B6NVvtIz9_Q,Samay Raina,"INDIA’S GOT LATENT S2 EP4 ft. Karan Aujla, Tanmay Bhat, Gurleen Pannu, Rahul Dua",full_special,36990446,1545059,3234,2026-08-02T06:30:07Z,https://i.ytimg.com/vi/B6NVvtIz9_Q/hqdefault.jpg,false
wVBf39WPInc,Samay Raina,BHARWO KE KHILADI | Life is Unfair,full_special,5999769,266366,3662,2022-01-25T06:45:09Z,https://i.ytimg.com/vi/wVBf39WPInc/hqdefault.jpg,false
Qm6AwT7lBgw,Sapan Verma,Chill Sesh Ep 5 Johny Lever | Sapan Verma @AakashGupta @Its_jamielever,full_special,1215113,29293,2463,2025-07-31T13:26:32Z,https://i.ytimg.com/vi/Qm6AwT7lBgw/hqdefault.jpg,false
3eOkj9uCfT0,Shamik Chakrabarti,Shamik Chakrabarti: Despite Appearances | Full Stand-Up Comedy Special,full_special,794090,28761,4443,2026-03-17T12:30:11Z,https://i.ytimg.com/vi/3eOkj9uCfT0/hqdefault.jpg,false
kmcnAEP14Sk,Shashi Dhiman,I Finally Said Yes | Standup Comedy Special by Shashi Dhiman,full_special,833781,26476,4568,2026-06-27T08:57:31Z,https://i.ytimg.com/vi/kmcnAEP14Sk/hqdefault.jpg,false
FX8x_4me_R8,Shubham Pujari,Behen Ka Swayamvar | Standup Comedy by Shubham Pujari,full_special,2598356,73500,1523,2025-08-12T13:37:10Z,https://i.ytimg.com/vi/FX8x_4me_R8/hqdefault.jpg,false
hzDZsuKG6R8,Shubham Pujari,Chhoti Soch | Standup Comedy Special by Shubham Pujari,full_special,1331834,34977,5067,2026-04-28T13:48:04Z,https://i.ytimg.com/vi/hzDZsuKG6R8/hqdefault.jpg,false
vNmpl8iolY0,So True with Caleb Hearon,Taylor Tomlinson Isn't Settling,full_special,555957,16043,4389,2026-03-26T18:00:52Z,https://i.ytimg.com/vi/vNmpl8iolY0/hqdefault.jpg,false
xhpVSauk5n8,Anubhav Singh Bassi,Journey Of A Joke feat. Anubhav Singh Bassi | Cheating,full_special,1226908,46146,1801,2020-06-29T12:37:06Z,https://i.ytimg.com/vi/xhpVSauk5n8/hqdefault.jpg,false
0qGd6KXh_ig,Dave Chappelle,Dave Chappelle   Killin Them Softly,full_special,918597,12171,3453,2017-07-07T16:58:40Z,https://i.ytimg.com/vi/0qGd6KXh_ig/hqdefault.jpg,false
bg7PJgHdZqI,Tanmay Bhat,ZAKIR'S GOT LATENT,full_special,4561560,146181,1556,2025-04-08T14:30:06Z,https://i.ytimg.com/vi/bg7PJgHdZqI/hqdefault.jpg,false
GOJuBY3oOtE,Zakir Khan,The Lavari Show EP 12 | ft. Zakir Khan | આપણો પોતાનો ઝાકીર | The Comedy Factory,full_special,1504458,44103,1566,2024-08-20T18:24:06Z,https://i.ytimg.com/vi/GOJuBY3oOtE/hqdefault.jpg,false
eCwgLu6pbI4,Zakir Khan,Zakir Khan Lallantop आए तो Standup comedy से लेकर उनकी जिंदगी के बड़े राज खुले | Zakir standup,full_special,9216347,173566,7449,2022-08-14T06:30:13Z,https://i.ytimg.com/vi/eCwgLu6pbI4/hqdefault.jpg,false
QCA_4WQ_1Z8,Anubhav Singh Bassi,"Anubhav Singh Bassi कमाई, Meerut और अगले वीडियो पर क्या बोले? | GITN",full_special,8397986,125526,6816,2022-12-11T04:30:05Z,https://i.ytimg.com/vi/QCA_4WQ_1Z8/hqdefault.jpg,false
LFHKiq0HYzc,Zakir Khan,"Zakir Khan और Saurabh Dwivedi ने बताए Overthinking से निपटने के अचूक उपाय, Kuldeep के फंडे भी मज़ेदार",full_special,2358683,25147,4727,2025-08-02T09:30:08Z,https://i.ytimg.com/vi/LFHKiq0HYzc/hqdefault.jpg,false
EOJJcgnHPPk,Trevor Wallace,CRAZIEST Crowd Work Moments of 2024 | Trevor Wallace,compilation,1817478,37547,2691,2024-12-28T16:45:00Z,https://i.ytimg.com/vi/EOJJcgnHPPk/hqdefault.jpg,false
gIJPY3AM0nk,Trevor Wallace,A Crowd Work Special with Trevor Wallace,crowd_work_clip,562064,17302,3260,2026-04-02T00:00:29Z,https://i.ytimg.com/vi/gIJPY3AM0nk/hqdefault.jpg,false
4UQTaw6yXa4,Universal Comedy,25 Minutes Of Top Notch Comedy From Ricky Gervais,full_special,1385432,13032,1518,2025-03-12T17:00:04Z,https://i.ytimg.com/vi/4UQTaw6yXa4/hqdefault.jpg,false
kWj8DQ5GTxM,Zakir Khan,HAQ SE SINGLE  FULL VIDEO ZAKIR KHAN  |  STAND UP COMEDY,full_special,752569,11846,5374,2024-01-24T16:33:25Z,https://i.ytimg.com/vi/kWj8DQ5GTxM/hqdefault.jpg,false
O-sdocGbdRg,Varun Grover,Varun Grover || Comedy Special || Nothing Makes Sense,full_special,5236060,147235,4870,2026-01-02T15:21:31Z,https://i.ytimg.com/vi/O-sdocGbdRg/hqdefault.jpg,false
xNfDz6ZClj4,Varun Grover,Gravity vs Comedy | Upmanyu | Biswa | Prashasti | Grover | All India Rank | Releasing 23rd Feb,full_special,1816579,45456,4378,2024-02-19T16:06:56Z,https://i.ytimg.com/vi/xNfDz6ZClj4/hqdefault.jpg,false
zX9oWQoTjWM,Vidit Gujrathi,UNDERSTANDING COMEDY ft.@SamayRainaOfficial,full_special,628500,29632,6228,2020-05-31T17:54:11Z,https://i.ytimg.com/vi/zX9oWQoTjWM/hqdefault.jpg,false
jMDq_yxvv5c,Vidit Sharma,Loose Emotions EP 9| Stand Up Comedy | @RajatSood  Kaustubh Agarwal & Vidit Sharma,full_special,1163889,38889,2643,2026-03-27T12:30:44Z,https://i.ytimg.com/vi/jMDq_yxvv5c/hqdefault.jpg,false
IMiPGuUQ83w,Dave Chappelle,Dave Chappelle in Texas - One of the Greatest Storytellers of All Time,full_special,2339100,20381,5739,2025-12-14T15:38:22Z,https://i.ytimg.com/vi/IMiPGuUQ83w/hqdefault.jpg,false
4oKEN73VIjQ,Yuvaa,"@ZakirKhan on Hustle Philosophy, Loneliness & Feminine Masculinity |BeAManYaar w. Nikhil Taneja EP 2",full_special,2423108,47377,3350,2023-09-12T15:54:22Z,https://i.ytimg.com/vi/4oKEN73VIjQ/hqdefault.jpg,false
OQQ1sGphUj4,Zakir Khan,“Meri Dastaan sunana” Zakir Khan at Spoken 2017,full_special,12618989,376096,1778,2018-02-14T07:35:41Z,https://i.ytimg.com/vi/OQQ1sGphUj4/hqdefault.jpg,false
EV-rF0N1was,Zakir Khan,Tafseel Se Baatein - Zakir Khan in Conversation with Aamir Khan and Mansoor Khan,full_special,1556436,27497,3638,2026-04-30T12:58:53Z,https://i.ytimg.com/vi/EV-rF0N1was/hqdefault.jpg,false
C4s5opLTvDY,Zindagi with Richa,"ज़ाकिर ख़ान का ज़िंदगीनामा - कॉमेडी का सबसे बड़ा नाम @ZakirKhan Stand-up Comedian, Writer & Actor",full_special,1480280,29738,3277,2023-06-23T14:30:10Z,https://i.ytimg.com/vi/C4s5opLTvDY/hqdefault.jpg,false
gmO7W7yRTsk,Zakir Khan,"“जब पापा कहेंगे, मैं रूक जाऊँगा” - ज़ाकिर ख़ान @Zakir Khan Stand-up Comedian, Writer & Actor",full_special,619168,15375,4299,2023-06-30T14:30:10Z,https://i.ytimg.com/vi/gmO7W7yRTsk/hqdefault.jpg,false
IRBaZVILUq0,Dave Chappelle,Dave Chappelle Comic Strip Live (2/27/09) AUDIO RESTORED,full_special,22927413,128120,13377,2017-03-08T14:15:49Z,https://i.ytimg.com/vi/IRBaZVILUq0/hqdefault.jpg,false
TGWnu2jz_ro,Dave Chappelle,"Dave Chappelle  8 Funniest Jokes Ever , That Will Make You Laugh",full_special,1787916,15317,1862,2023-02-16T14:00:16Z,https://i.ytimg.com/vi/TGWnu2jz_ro/hqdefault.jpg,false
