video_id,title,channel_title,thumbnail_url,duration,published_at,view_count,like_count,style_tags,tone_tags,theme_tags
"MwsHgn_jdIY","22 Boyfriends | Crowd Work | Stand Up Comedy | Ft @Harshgujral","Harsh gujral","https://i.ytimg.com/vi/MwsHgn_jdIY/hqdefault.jpg","PT20M27S","2025-04-30T12:04:05Z",11427864,246304,"","",""
"hEMJQakG6x8","Netflix Is A Joke Full Crowd Work Special | Lucas Zelnick Stand Up Comedy Crowd Work","Lucas Zelnick","https://i.ytimg.com/vi/hEMJQakG6x8/hqdefault.jpg","PT31M15S","2026-06-01T16:00:06Z",306678,13840,"","",""
"98H7NpD_IeM","Scam 2040 | Standup comedy by Inder Sahani","Inder Sahani","https://i.ytimg.com/vi/98H7NpD_IeM/hqdefault.jpg","PT35M35S","2026-07-28T12:45:32Z",1064098,29203,"","",""
"cafcBnHqXaQ","2026 Compilation (Over 1 hour!) - Chris D'Elia Crowd Work Standup","Chris D'Elia","https://i.ytimg.com/vi/cafcBnHqXaQ/hqdefault.jpg","PT1H13M1S","2026-07-21T17:38:01Z",88350,1437,"","",""
"AVmcwgeB340","Truth Serum a Crowd work comedy ft. Faiyaaz Hussain ","Pundank","https://i.ytimg.com/vi/AVmcwgeB340/hqdefault.jpg","PT31M16S","2026-08-09T13:00:21Z",37074,1138,"","",""
"MmtiZ1GohoY","Phil Hanley | Live in San Francisco | Full Crowd Work Show","Phil Hanley","https://i.ytimg.com/vi/MmtiZ1GohoY/hqdefault.jpg","PT26M45S","2024-10-02T21:20:01Z",1276182,24755,"","",""
"Oy2QyPQ5L5M","Max Amini FULL COMEDY SPECIAL 2025 | ""Randomly Selected"" | Stand Up Comedy","Max Amini","https://i.ytimg.com/vi/Oy2QyPQ5L5M/hqdefault.jpg","PT50M","2025-02-05T16:30:11Z",18999815,228678,"","",""
"Kzz_wtyvJ8Q","Ladies Special | Pranit More | Stand-up Comedy | Crowd Work Special","Pranit More Official","https://i.ytimg.com/vi/Kzz_wtyvJ8Q/hqdefault.jpg","PT1H3M54S","2026-04-24T13:30:23Z",11872466,289494,"","",""
"gIJPY3AM0nk","A Crowd Work Special with Trevor Wallace","Trevor Wallace","https://i.ytimg.com/vi/gIJPY3AM0nk/hqdefault.jpg","PT54M20S","2026-04-02T00:00:29Z",562064,17302,"","",""
"2x9U6q1eCwk","Ladies Special 3 | Pranit More | Stand-up Comedy | Crowd Work Special","Pranit More Official","https://i.ytimg.com/vi/2x9U6q1eCwk/hqdefault.jpg","PT52M","2026-05-29T13:30:24Z",6655561,145434,"","",""
"cHLM9L_5gj0","Doctor & Engineer | Crowd Work | Stand-Up Comedy By Munawar Faruqui","Munawar Faruqui","https://i.ytimg.com/vi/cHLM9L_5gj0/hqdefault.jpg","PT20M46S","2021-05-01T17:30:15Z",27896600,1085867,"","",""
"c_DPkzeMn1Q","FULL SET - CROWDWORK IN HOUSTON - Chris D'Elia Stand Up Comedy","Chris D'Elia","https://i.ytimg.com/vi/c_DPkzeMn1Q/hqdefault.jpg","PT36M","2025-09-02T13:30:42Z",191847,3629,"","",""
"28A9XKrtnA4","Halki Halki Fati By Vikas Kush Sharma | Part 2 | Crowd Work Standup Comedy Special | Standup Comedy","Vikas Kush Sharma","https://i.ytimg.com/vi/28A9XKrtnA4/hqdefault.jpg","PT28M58S","2026-04-17T13:30:03Z",409829,9477,"","",""
"ePpIH_u6bHE","Entire Comedy Show of ONLY Crowd Work","Akaash Singh","https://i.ytimg.com/vi/ePpIH_u6bHE/hqdefault.jpg","PT22M24S","2022-03-30T16:01:36Z",4573326,113802,"","",""
"-IiLZJ9ebvo","Hello Hello | Best Ever Phone Compilation |Crowd Work | Stand Up Comedy | Ft @VikasKushSharma","Vikas Kush Sharma","https://i.ytimg.com/vi/-IiLZJ9ebvo/hqdefault.jpg","PT22M37S","2026-05-08T15:30:01Z",475545,8357,"","",""
"txN_qF7Sk6k","Unfiltered Matt Rife Comedy | Matt Rife Viral Crowd Work Moments","800 Pound Gorilla Comedy Slices","https://i.ytimg.com/vi/txN_qF7Sk6k/hqdefault.jpg","PT47M7S","2025-09-04T18:01:00Z",3342308,34582,"","",""
"gATlVX3IMlQ","Date pe Chalein | Pranit More | Stand-up Comedy | Crowd Work Special","Pranit More Official","https://i.ytimg.com/vi/gATlVX3IMlQ/hqdefault.jpg","PT1H1M28S","2026-03-20T13:48:00Z",7005750,135387,"","",""
"R7bVMWGpKOI","Gary Owen: Off The Dome Houston | Crowd Work Compilation","Gary Owen","https://i.ytimg.com/vi/R7bVMWGpKOI/hqdefault.jpg","PT30M47S","2025-05-01T13:00:49Z",2479925,33057,"","",""
"4Z-KLkjICoY","Desi Boyfriend - A Standup Comedy Special By Harsh Gujral","Harsh gujral","https://i.ytimg.com/vi/4Z-KLkjICoY/hqdefault.jpg","PT45M36S","2026-02-06T12:00:06Z",7828172,180660,"","",""
"4hLnDkV-kwQ","Delhi Belly | Pranit More | Stand-up Comedy | Crowd Work Special","Pranit More Crowdwork Clips","https://i.ytimg.com/vi/4hLnDkV-kwQ/hqdefault.jpg","PT35M30S","2025-12-27T13:30:07Z",2620906,42710,"","",""
"U6MIV_0fmc4","Shanky, Kundi Aur Thailand | Standup Comedy By Inder Sahani","Inder Sahani","https://i.ytimg.com/vi/U6MIV_0fmc4/hqdefault.jpg","PT37M52S","2026-01-07T13:45:07Z",996137,25742,"","",""
"7gWd1ljuq60","PRANIT KO GUSSA KYUN AAYA? | Pranit More | Stand-up Comedy | Crowd Work Special","Pranit More Official","https://i.ytimg.com/vi/7gWd1ljuq60/hqdefault.jpg","PT25M49S","2025-08-01T13:30:11Z",5716052,130098,"","",""
"Vj6u-neu2AQ","Michael Blaustein's Most FEROCIOUS Stand Up Comedy Comebacks!","This Past Week In Comedy","https://i.ytimg.com/vi/Vj6u-neu2AQ/hqdefault.jpg","PT3H25M23S","2026-08-11T02:00:06Z",1385,24,"","",""
"lupX9szykio","The Ultimate Crowd Work Compilation","Joke WRLD","https://i.ytimg.com/vi/lupX9szykio/hqdefault.jpg","PT31M18S","2023-05-20T16:21:42Z",1626058,16373,"","",""
"OCIa0cnYac0","Michael Blaustein’s Most BRUTAL Crowd Work Roasts!","This Past Week In Comedy","https://i.ytimg.com/vi/OCIa0cnYac0/hqdefault.jpg","PT3H27M41S","2026-01-12T23:00:36Z",219706,1824,"","",""
"JXFQBLl2WIw","NATE JACKSON OCTOBER 2025 CROWD WORK JOINT","Nate Jackson","https://i.ytimg.com/vi/JXFQBLl2WIw/hqdefault.jpg","PT1H15M26S","2025-10-03T23:00:07Z",1610267,26815,"","",""
"O0PRgYHI0XQ","Ladies Special 2 | Pranit More | Stand-up Comedy | Crowd Work Special","Pranit More Official","https://i.ytimg.com/vi/O0PRgYHI0XQ/hqdefault.jpg","PT55M2S","2026-05-08T13:30:22Z",14351650,296850,"","",""
"h94zGD8Coo4","Reuben Solo - The Crowd Work* Special (Full Comedy Special)","Reuben Solo","https://i.ytimg.com/vi/h94zGD8Coo4/hqdefault.jpg","PT47M27S","2026-04-07T22:00:06Z",67348,5357,"","",""
"1CEASoUfnA8","Aries Spears Best Crowd Work Comedy Moments of 2025!","This Past Week In Comedy","https://i.ytimg.com/vi/1CEASoUfnA8/hqdefault.jpg","PT3H9M54S","2026-01-02T23:00:02Z",270664,3190,"","",""
"R-CFngU1qRY","RAHUL SUBRAMANIAN | FULL STAND UP COMEDY SPECIAL | WHO ARE YOU?","Rahul Subramanian","https://i.ytimg.com/vi/R-CFngU1qRY/hqdefault.jpg","PT1H45S","2026-03-12T15:00:06Z",2570966,65168,"","",""
"2g93525nrOs","ManHarsh - The Pookies | Crowdwork | Manhar Seth Ft. Harsh Gujral ","Manhar Seth","https://i.ytimg.com/vi/2g93525nrOs/hqdefault.jpg","PT58M5S","2026-01-03T13:31:32Z",2309739,51612,"","",""
"EOJJcgnHPPk","CRAZIEST Crowd Work Moments of 2024 | Trevor Wallace","Trevor Wallace","https://i.ytimg.com/vi/EOJJcgnHPPk/hqdefault.jpg","PT44M51S","2024-12-28T16:45:00Z",1817478,37547,"","",""
"t4BfHoHawAM","Stand-Up Comedy | Crowd Work by Munawar Faruqui","Munawar Faruqui","https://i.ytimg.com/vi/t4BfHoHawAM/hqdefault.jpg","PT26M19S","2021-07-10T19:15:12Z",19283189,767431,"","",""
"W4nTFxTeiX4","Best Crowd Work of 2025 - Part 1 | Lucas Zelnick Stand Up Comedy","Lucas Zelnick","https://i.ytimg.com/vi/W4nTFxTeiX4/hqdefault.jpg","PT27M20S","2025-06-16T16:00:51Z",177081,4759,"","",""
"qmGWKB5sxbE","MATT RIFE ROASTS LOS ANGELES | crowdwork compilation","Matt Rife","https://i.ytimg.com/vi/qmGWKB5sxbE/hqdefault.jpg","PT30M51S","2025-05-12T17:27:26Z",2125564,30730,"","",""
"sB9eWtzTOq0","Gianmarco Soresi: Thief of Joy | Full Comedy Special","Gianmarco Soresi","https://i.ytimg.com/vi/sB9eWtzTOq0/hqdefault.jpg","PT1H6M20S","2025-09-19T23:00:07Z",5278565,231650,"","",""
"oiSTUw1iaWc","Humiliating American Hecklers | Jimmy Carr Crowd Work","Jimmy Carr","https://i.ytimg.com/vi/oiSTUw1iaWc/hqdefault.jpg","PT1H23M19S","2025-07-04T16:01:39Z",3355575,47553,"","",""
"nssdB76CyyM","Pride Show | Pranit More | Stand-up Comedy | Crowd Work Special","Pranit More Official","https://i.ytimg.com/vi/nssdB76CyyM/hqdefault.jpg","PT56M42S","2026-06-05T13:30:06Z",5724142,132236,"","",""
"SnspIerLmOo","Sigma Male | Pranit More | Stand-Up Comedy | Crowd Work Special","Pranit More Official","https://i.ytimg.com/vi/SnspIerLmOo/hqdefault.jpg","PT1H1M38S","2024-11-23T13:30:15Z",6772712,159996,"","",""
"cE7wdyD5U6s","NATE JACKSON February 2026 CROWD WORK JOINT","Nate Jackson","https://i.ytimg.com/vi/cE7wdyD5U6s/hqdefault.jpg","PT1H4M9S","2026-02-28T00:00:52Z",755571,10017,"","",""
"xT1OUWODFNg","Jeff Arcuri Is One Of The Best | 30 min Crowd Work Highlights #212","Crowd Crushers TV","https://i.ytimg.com/vi/xT1OUWODFNg/hqdefault.jpg","PT28M43S","2026-04-04T17:59:00Z",342800,4835,"","",""
"l_63zbTj9Hw","My Corporate Job | Aakash Gupta | Stand-up comedy","Aakash Gupta","https://i.ytimg.com/vi/l_63zbTj9Hw/hqdefault.jpg","PT24M20S","2025-10-25T06:13:53Z",13306387,423772,"","",""
"hcLcw8LJF4E","The Algorithm Hates These Topics | Lucas Zelnick Stand Up Comedy Crowd Work","Lucas Zelnick","https://i.ytimg.com/vi/hcLcw8LJF4E/hqdefault.jpg","PT21M11S","2025-09-22T19:00:43Z",188955,7037,"","",""
"_3AKjy3oJl8","Pyar Ka Punchnama | Pranit More | Stand-Up Comedy | Crowd Work Special","Pranit More Official","https://i.ytimg.com/vi/_3AKjy3oJl8/hqdefault.jpg","PT47M13S","2024-12-20T13:30:30Z",5355877,136315,"","",""
"E7PZLZignvM","Cheater Wife | Pranit More | Stand-up Comedy | Crowd Work Special","Pranit More Official","https://i.ytimg.com/vi/E7PZLZignvM/hqdefault.jpg","PT56M29S","2026-01-09T15:00:34Z",6714185,217450,"","",""
"3RSAeEmgbf8","Cheater Girlfriend | Pranit More | Stand-up Comedy | Crowd Work Special","Pranit More Official","https://i.ytimg.com/vi/3RSAeEmgbf8/hqdefault.jpg","PT42M43S","2025-05-20T05:30:01Z",3094992,73073,"","",""
"7z3LrBWctlI","Best of Gianmarco Soresi 2025 Crowd Work | Stand-Up Comedy Compilation","800 Pound Gorilla Media","https://i.ytimg.com/vi/7z3LrBWctlI/hqdefault.jpg","PT52M51S","2025-12-28T19:00:06Z",256765,8269,"","",""
"OK_1aHz6K2c","Generation Gap | Pranit More | Stand-Up Comedy","Pranit More Crowdwork Clips","https://i.ytimg.com/vi/OK_1aHz6K2c/hqdefault.jpg","PT31M27S","2026-02-16T13:12:13Z",1591301,26408,"","",""
"v1uuDwSg1II","EURO TRIP COMPILATION | Matt Rife crowd work","Matt Rife","https://i.ytimg.com/vi/v1uuDwSg1II/hqdefault.jpg","PT1H2M17S","2026-06-09T19:14:49Z",659056,11632,"","",""
"jMDq_yxvv5c","Loose Emotions EP 9| Stand Up Comedy | @RajatSood  Kaustubh Agarwal & Vidit Sharma","Vidit Sharma","https://i.ytimg.com/vi/jMDq_yxvv5c/hqdefault.jpg","PT44M3S","2026-03-27T12:30:44Z",1163889,38889,"","",""
