video_id,title,style_tags,tone_tags,theme_tags,suggested_rating,youtube_age_restricted,review_priority,low_confidence_tags
"UTEcYC28GNY","Kullu | Fresher's Party | Full Stand up Comedy Special","observational-comedy","","","U/A",FALSE,LOW,""
"Az38f7cUzK8","School | Aakash Gupta | Stand-up Comedy","observational-comedy","nostalgic-and-warm","corporate-and-work-life;travel-and-experiences;family-and-upbringing","U/A",FALSE,LOW,""
"l_63zbTj9Hw","My Corporate Job | Aakash Gupta | Stand-up comedy","observational-comedy","","corporate-and-work-life;travel-and-experiences","U/A",FALSE,LOW,""
"SVRH-pBw0cc","Aakash Gupta | Angry Young Man | Full Stand-up Comedy Special","observational-comedy","nostalgic-and-warm","corporate-and-work-life;travel-and-experiences","U/A",FALSE,LOW,""
"KsEoGDgKdwQ","Pretty Good Roast Show S1. EP 7/7 | Ft.   @kushakapila5643","crowd-work-heavy","sarcastic-and-biting","","U/A",FALSE,LOW,""
"7xNHz6lwxYs","Pretty Good Roast Show S1. EP 2/7 |  Ft. @AnubhavSinghBassi","crowd-work-heavy","sarcastic-and-biting","family-and-upbringing;corporate-and-work-life","U/A",FALSE,HIGH,"family-and-upbringing;corporate-and-work-life"
"U-SuiWkRAlo","Pretty Good Roast Show: S1. EP 1/7 | Ft.  @AakashGupta","crowd-work-heavy","sarcastic-and-biting","romantic-relationships","U/A",FALSE,HIGH,"romantic-relationships"
"gVFHPz0BKhw","Judge Me If You Can Ep.14 ft Huma Qureshi & @beabassi","","","","U/A",FALSE,LOW,""
"IcAV5qiko8M","Abhishek Upmanyu - Jealous of Sabziwala (FULL SPECIAL)","observational-comedy","","mental-health-and-struggles","U/A",FALSE,HIGH,"mental-health-and-struggles"
"E16WhXcIghM","Team Animals - Stand-Up Comedy by Abhishek Upmanyu","observational-comedy","","","U/A",FALSE,LOW,""
"t8HrZTLRCeU","Employee No.1 - Standup Comedy by Abhishek Upmanyu | Story","crowd-work-heavy;anecdotal-storytelling","","corporate-and-work-life","U/A",FALSE,HIGH,"crowd-work-heavy"
"_fWyWcZB7VA","Health Anxiety - Standup Comedy by Abhishek Upmanyu","","","corporate-and-work-life;mental-health-and-struggles","U/A",FALSE,LOW,""
"p_HqJyq2SYU","Gaslit | Akaash Singh | Full Comedy Special","crowd-work-heavy;observational-comedy","","family-and-upbringing;romantic-relationships;travel-and-experiences","U/A",FALSE,LOW,""
"ePpIH_u6bHE","Entire Comedy Show of ONLY Crowd Work","crowd-work-heavy","","travel-and-experiences","U/A",FALSE,LOW,""
"3RWA4IzuVvA","Standup Comedy on SHROOMS | Akaash Singh (feat. Kase Raso)","","","","U/A",FALSE,LOW,""
"Tkebl7-vO2c","Sibling Stories with Zakir & Bassi | Chaar Yaar Ep. 5| ft. @ZakirKhan @AnubhavSinghBassi","anecdotal-storytelling","","family-and-upbringing;romantic-relationships","U/A",FALSE,LOW,""
"lLRr_4DK9jk","School Ke Din | Chaar Yaar with Amit Tandon Ep.15 ft Zakir Khan and Anubhav Singh Bassi","","nostalgic-and-warm","travel-and-experiences;family-and-upbringing","U/A",FALSE,LOW,""
"DQePNw_WZQ4","Hamare Zamane Mein - A Stand Up Comedy Special by Amit Tandon","observational-comedy","","corporate-and-work-life","U/A",FALSE,LOW,""
"qkxuFKqJXWY","Roommate - Stand Up Comedy Ft. Anubhav Singh Bassi","observational-comedy","","","U/A",FALSE,LOW,""
"IEfBBYmxtIo","UPSC - Stand Up Comedy Ft. Anubhav Singh Bassi","anecdotal-storytelling;observational-comedy","","","U/A",FALSE,HIGH,"anecdotal-storytelling"
"mbOO0Z6ryO0","Ambulance - Stand Up Comedy Ft. Anubhav Singh Bassi","observational-comedy","","mental-health-and-struggles","U/A",FALSE,LOW,""
"GIDAWNQzblw","Unlocking Success: @ZakirKhan 's Journey from OpenMic to Stardom","","","","U/A",FALSE,LOW,""
"zZCSz2B1JMU","IIT Tough Hai | Indian Stand Up Comedy by Chirag Panjwani","observational-comedy","","","U/A",FALSE,LOW,""
"P6LkCNRLwCI","Dr. Panjwani | Stand Up Comedy Special by Chirag Panjwani","observational-comedy","","family-and-upbringing;romantic-relationships;cultural-commentary","U/A",FALSE,HIGH,"cultural-commentary"
"HAqVEM6DzvU","Meri Pehli Shaadi | Stand Up Comedy Special by Chirag Panjwani","observational-comedy","","family-and-upbringing;romantic-relationships","U/A",FALSE,LOW,""
"TSi5zOfEaQE","Chris D'Elia: Grow Or Die (STANDUP COMEDY SPECIAL)","observational-comedy","","travel-and-experiences","U/A",FALSE,LOW,""
"c_DPkzeMn1Q","FULL SET - CROWDWORK IN HOUSTON - Chris D'Elia Stand Up Comedy","crowd-work-heavy;observational-comedy","","travel-and-experiences","U/A",FALSE,LOW,""
"QccCmgU1O1Q","ABHISHEK UPMANYU | Friends, Crime & The Cosmos | Stand Up Comedy | Reaction | Jaby Koay","observational-comedy","","family-and-upbringing;corporate-and-work-life","U/A",FALSE,HIGH,"family-and-upbringing;corporate-and-work-life"
"buwMAHwhB7I","HOSTEL | Anubhav Singh Bassi | Stand Up Comedy Reaction | Jaby Koay","observational-comedy","","corporate-and-work-life","U/A",FALSE,HIGH,"corporate-and-work-life"
"NYdYI4U-igI","ABHISHEK UPMANYU | HEALTH ANXIETY - Stand Up Comedy REACTION!","observational-comedy","","family-and-upbringing;mental-health-and-struggles","U/A",FALSE,HIGH,"family-and-upbringing"
"pY4j__UjTd8","Samay Raina - STILL ALIVE Stand Up Reaction!","","dark-and-cynical","","U/A",FALSE,LOW,""
"AmqXsWRHx1w","AAKASH GUPTA | My First Euro Trip | Stand Up Comedy Reaction!","musical-standup;observational-comedy","","cultural-commentary;travel-and-experiences","U/A",FALSE,HIGH,"musical-standup"
"YbvJ8ZPHT6w","ABHISHEK UPMANYU | Tongue Issues - Stand Up Comedy REACTION!","observational-comedy","","mental-health-and-struggles","U/A",FALSE,HIGH,"mental-health-and-struggles"
"YnViX2Lgi70","ZAKIR KHAN | CLASS  Stand Up Comedy Reaction!","observational-comedy","","romantic-relationships;cultural-commentary","U/A",FALSE,HIGH,"romantic-relationships"
"zyDmS4FXSQE","AAKASH GUPTA | Childhood Dreams - Reaction! | Stand-Up Comedy | Crowdwork","crowd-work-heavy;observational-comedy","nostalgic-and-warm","corporate-and-work-life;family-and-upbringing","U/A",FALSE,HIGH,"corporate-and-work-life"
"dxpRy64WtY0","AKAASH SINGH - GASLIT Reaction! | Stand-Up Special","","","","U/A",FALSE,LOW,""
"ts5FalYIzMw","Anthony Jeselnik: Caligula - Full Special","observational-comedy","","romantic-relationships","U/A",FALSE,HIGH,"romantic-relationships"
"5S5iZZEtTkg","John Mulaney: New in Town - Full Special","crowd-work-heavy;observational-comedy","","romantic-relationships","U/A",FALSE,HIGH,"crowd-work-heavy"
"BUI0sGnx9Us","“The Grinch That Stole Everything”- Theo Von - Full Special","observational-comedy","","","U/A",FALSE,LOW,""
"9D1_TnXvtWY","Best Ever Chappelle's Show Moments | Chappelle's Show","","","romantic-relationships","U/A",FALSE,LOW,""
"e44hXvuy3OA","Over an Hour of 420 Jokes - Stand-Up Comedy from Comedy Dynamics","observational-comedy;rapid-fire-one-liners","","","U/A",FALSE,LOW,""
"QI5GiTnmltM","Best of Dan Cummins: Get Outta Here; Devil - Stand-Up Comedy","observational-comedy","","","U/A",FALSE,LOW,""
"far4bOQE69E","LOVERBOY- Stand up Comedy by Devesh Dixit","crowd-work-heavy;observational-comedy","","romantic-relationships","U/A",FALSE,HIGH,"crowd-work-heavy"
"PMWMprq0oJc","Cult Games- Ep1 ft @aupmanyu @KaruneshTalwar @siddharthdudeja","","","","U/A",FALSE,LOW,""
"K-ZwTpeBLzo","I have No Patience For Stupid People. Mike James - Full Special","observational-comedy","","romantic-relationships","U/A",FALSE,HIGH,"romantic-relationships"
"ibVwBUNjgOE","This Might Be The Best Comedy Special Ever. John Novosad - Full Special","observational-comedy","","","U/A",FALSE,LOW,""
"rsGt7wkETK4","Get Ready To Be Offended. K-von - Full Special","observational-comedy","","","U/A",FALSE,LOW,""
"JHbgA38R1OM","Gary Owen: No Hard Feelings (2026) |  FULL SPECIAL","observational-comedy","","","U/A",FALSE,LOW,""
"R7bVMWGpKOI","Gary Owen: Off The Dome Houston | Crowd Work Compilation","crowd-work-heavy","","","U/A",FALSE,LOW,""
"g3oNp6KQZJg","LIE HARD Ep. 2 ft @AnubhavSinghBassi @gauravgupta6685 @ComicKaustubhAgarwal @boi_onkar","","","","U/A",FALSE,LOW,""
"EJzZ3ftkyt0","LIE HARD Ep. 5 ft @AakashGupta @KennySebastian @TheRahulDua @ShreejaChaturvedi","","","","U/A",FALSE,LOW,""
"sB9eWtzTOq0","Gianmarco Soresi: Thief of Joy | Full Comedy Special","crowd-work-heavy;observational-comedy","","family-and-upbringing;travel-and-experiences","U/A",FALSE,HIGH,"family-and-upbringing"
"zKUpf1Vx0vs","Shane Gillis Live In Austin | Stand Up Comedy","observational-comedy","","","U/A",FALSE,LOW,""
"1eHxYhQmjDI","Comedy और Shayari की Class एक साथ.| Zakir Khan | Kapil Sharma | Best of The Kapil Sharma Show.","anecdotal-storytelling","absurdist-and-surreal","family-and-upbringing;romantic-relationships;cultural-commentary","U/A",FALSE,HIGH,"family-and-upbringing"
"QngJL3TlUh4","No Bakwas Only Full on Comedy.| ZAKIR KHAN | BHUVAN BAM | ANUBHAV SINGH BASSI | HARSH GUJRAL | TKSS.","anecdotal-storytelling","absurdist-and-surreal","romantic-relationships","U/A",FALSE,LOW,""
"PFuZT7sWAcc","Rahat Indori और Zakir Khan की Comedy और Shayari एक साथ.| THE KAPIL SHARMA SHOW.","","sarcastic-and-biting;absurdist-and-surreal","romantic-relationships","U/A",FALSE,LOW,""
"x5cWXEsSsD0","Nation Wants To Guess with Khamba | EP7 ft @AnubhavSinghBassi @AakashGupta @ShreejaChaturvedi","","sarcastic-and-biting","romantic-relationships;political-satire","U/A",FALSE,HIGH,"romantic-relationships"
"FtDv-L1stdo","Akshay Kumar x Harsh Gujral | Roast Standup Comedy","crowd-work-heavy","sarcastic-and-biting","","U/A",FALSE,LOW,""
"MwsHgn_jdIY","22 Boyfriends | Crowd Work | Stand Up Comedy | Ft @Harshgujral","crowd-work-heavy;observational-comedy","","romantic-relationships","U/A",FALSE,HIGH,"romantic-relationships"
"4Z-KLkjICoY","Desi Boyfriend - A Standup Comedy Special By Harsh Gujral","observational-comedy","","romantic-relationships;mental-health-and-struggles","U/A",FALSE,LOW,""
"_97GyWAiJPk","Haseeb Khan | FLAMES | ""STANDUP COMEDY SPECIAL","anecdotal-storytelling;observational-comedy","","travel-and-experiences","U/A",FALSE,LOW,""
"F8mX7rh3Kq0","Types Of Travellers Standup Comedy By Inder Sahani","crowd-work-heavy;physical-and-energetic","","travel-and-experiences","U/A",FALSE,HIGH,"crowd-work-heavy;physical-and-energetic"
"5j18OH3b6wI","Sorry Papa | Standup Comedy Special By Inder Sahani","observational-comedy","","family-and-upbringing","U/A",FALSE,LOW,""
"WduM5-nT200","Tapu Sena Babur aur Aananya | Standup comedy By Inder Sahani","crowd-work-heavy;physical-and-energetic","","travel-and-experiences","U/A",FALSE,HIGH,"physical-and-energetic"
"98H7NpD_IeM","Scam 2040 | Standup comedy by Inder Sahani","crowd-work-heavy","","","U/A",FALSE,LOW,""
"U6MIV_0fmc4","Shanky, Kundi Aur Thailand | Standup Comedy By Inder Sahani","crowd-work-heavy","","","U/A",FALSE,LOW,""
"fH_Lw-Xq_6Y","BEST MOMENTS OF LATENT FROM 2024 | India's Got Latent","crowd-work-heavy","","cultural-commentary","U/A",FALSE,LOW,""
"4ie-LR2JDPE","BEST COMEBACKS AT LATENT (Part 1) | India's Got Latent","crowd-work-heavy","","cultural-commentary","U/A",FALSE,LOW,""
"zTxkGUG4TVI","BEST ONE LINERS AT LATENT (Part 1) | India's Got Latent","rapid-fire-one-liners;crowd-work-heavy","","cultural-commentary","U/A",FALSE,HIGH,"rapid-fire-one-liners"
"dom3czIxbtY","BEST OF PARENTS AT LATENT | India's Got Latent","crowd-work-heavy","","family-and-upbringing;cultural-commentary","U/A",FALSE,LOW,""
"oawMfCMLkHU","James Donald Forbes McCann | BLACK ISRAELITE | Stand Up Comedy","observational-comedy","","","U/A",FALSE,LOW,""
"BTz1r0jzl0M","GROWN UP | Standup Comedy Special by Jaspreet Singh","observational-comedy","nostalgic-and-warm;absurdist-and-surreal","family-and-upbringing;corporate-and-work-life","U/A",FALSE,LOW,""
"lDtJtkBOBj0","DAARU PARTY | Jaspreet Singh Standup Comedy","","","everyday-absurdities;travel-and-experiences","16+",FALSE,LOW,""
"oiSTUw1iaWc","Humiliating American Hecklers | Jimmy Carr Crowd Work","crowd-work-heavy","","travel-and-experiences","U/A",FALSE,LOW,""
"cL_DuIwl_ik","Jimmy Carr's Darkest Material UNCUT | Jimmy Carr","","","travel-and-experiences","U/A",FALSE,LOW,""
"RjBoz1nfYqw","New Season | KBC S17 | Ep. 70 | Full Episode | Big B अपनी हँसी रोक न पाए इन comedians की मस्ती पर!","observational-comedy","","","U/A",FALSE,LOW,""
"eHMyxD0kAFM","Banger Issues | Stand Up Comedy | Kaustubh Agarwal","observational-comedy","","romantic-relationships","U/A",FALSE,LOW,""
"J9BeQAJmx3g","ARE WOMEN BECOMING MEN? | FULL COMEDY SPECIAL | KAVIRAJ SINGH","observational-comedy","","cultural-commentary","U/A",FALSE,LOW,""
"T6iS3P6_rbo","WOMEN ENCORE | A STAND-UP COMEDY SPECIAL | KAVIRAJ | WOMEN PART II","observational-comedy","","cultural-commentary","U/A",FALSE,LOW,""
"Bgpji_zyHPE","SimpleKen - Two Types of People Ep1 with @AakashGupta  ,@ShreejaChaturvedi &@shamikchakrabarti","observational-comedy","","travel-and-experiences","U/A",FALSE,LOW,""
"YrkHZyQtKes","No Smoking | FULL Stand up Comedy Special by Aakash Mehta","observational-comedy","absurdist-and-surreal","","16+",FALSE,LOW,""
"pqnhlrlrfmw","NASTY | FULL Stand up Comedy Special by Aakash Mehta w/Subs in 10 languages!","observational-comedy","absurdist-and-surreal","corporate-and-work-life;cultural-commentary;travel-and-experiences","U/A",FALSE,HIGH,"corporate-and-work-life"
"ZqTr77af2Bc","Kusha ने किया Kapil के Show पे Stand Up Comedy! | The Kapil Sharma Show Season 2 | Full Episode","observational-comedy","","","U/A",FALSE,LOW,""
"9RfQFS2hCzA","Zakir Khan को देखकर Kapil ने क्यों बोला 'Ladies First'? | The Kapil Sharma Show S2 | Full Episode","observational-comedy","absurdist-and-surreal","romantic-relationships","U/A",FALSE,LOW,""
"LhKGrmP6wGE","Laila Majnu Funny Film Hai | Ravi Gupta Stand-up Comedy","observational-comedy","wholesome-and-lighthearted;nostalgic-and-warm","","U/A",FALSE,LOW,""
"_MX7jvKoLsM","48 Minutes of Jimmy O. Yang | Guess How Much?","","","family-and-upbringing;romantic-relationships;cultural-commentary","U/A",FALSE,LOW,""
"TUERjJCw0tE","Dave Chappelle on Transgender for 25 Minutes straight.","","","","U/A",FALSE,LOW,""
"f3Y4rWf004M","30 min of Dave Chappelle.","","","","U/A",FALSE,LOW,""
"hEMJQakG6x8","Netflix Is A Joke Full Crowd Work Special | Lucas Zelnick Stand Up Comedy Crowd Work","crowd-work-heavy;observational-comedy","","travel-and-experiences","U/A",FALSE,LOW,""
"hcLcw8LJF4E","The Algorithm Hates These Topics | Lucas Zelnick Stand Up Comedy Crowd Work","crowd-work-heavy;observational-comedy","","travel-and-experiences","U/A",FALSE,LOW,""
"W4nTFxTeiX4","Best Crowd Work of 2025 - Part 1 | Lucas Zelnick Stand Up Comedy","crowd-work-heavy;observational-comedy","","travel-and-experiences","U/A",FALSE,LOW,""
"PPjYWaqCffQ","The IIT Dream | Stand Up Comedy Special by Madhur Virli","observational-comedy","","family-and-upbringing","U/A",FALSE,LOW,""
"ONiMILytYok","LOVE & LATEX | Stand Up Comedy by Madhur Virli","observational-comedy","","romantic-relationships;mental-health-and-struggles","U/A",FALSE,HIGH,"mental-health-and-struggles"
"X035AnATXfQ","MasterPeace | Stand Up Comedy Special by Madhur Virli","observational-comedy","","family-and-upbringing;mental-health-and-struggles;travel-and-experiences","U/A",FALSE,HIGH,"family-and-upbringing;mental-health-and-struggles"
"weegmDivgrk","Fifty Shades of Gay | Stand Up Comedy by Madhur Virli","observational-comedy","","family-and-upbringing;corporate-and-work-life","U/A",FALSE,HIGH,"corporate-and-work-life"
"hDopzusS4s0","Heckler Emo Girl Shouts *BAKWAS SHOW* | Bakwas Stand Up Comedy by Madhur Virli","crowd-work-heavy;observational-comedy","","travel-and-experiences","U/A",FALSE,LOW,""
"2g93525nrOs","ManHarsh - The Pookies | Crowdwork | Manhar Seth Ft. Harsh Gujral","crowd-work-heavy","","family-and-upbringing","U/A",FALSE,HIGH,"family-and-upbringing"
"qmGWKB5sxbE","MATT RIFE ROASTS LOS ANGELES | crowdwork compilation","crowd-work-heavy","","family-and-upbringing;travel-and-experiences","U/A",FALSE,HIGH,"family-and-upbringing"
"v1uuDwSg1II","EURO TRIP COMPILATION | Matt Rife crowd work","crowd-work-heavy","","travel-and-experiences","U/A",FALSE,LOW,""
"Oy2QyPQ5L5M","Max Amini FULL COMEDY SPECIAL 2025 | ""Randomly Selected"" | Stand Up Comedy","anecdotal-storytelling;crowd-work-heavy;observational-comedy","","mental-health-and-struggles;everyday-absurdities;travel-and-experiences","U/A",FALSE,HIGH,"mental-health-and-struggles"
"RHenOJXqu3I","Indian Love w/ Zakir Khan | Wild Truth Ep. 013","","","everyday-absurdities;travel-and-experiences;romantic-relationships","U/A",FALSE,LOW,""
"cHLM9L_5gj0","Doctor & Engineer | Crowd Work | Stand-Up Comedy By Munawar Faruqui","crowd-work-heavy;observational-comedy","","romantic-relationships;corporate-and-work-life","U/A",FALSE,HIGH,"romantic-relationships"
"t4BfHoHawAM","Stand-Up Comedy | Crowd Work by Munawar Faruqui","crowd-work-heavy;observational-comedy","","romantic-relationships","U/A",FALSE,HIGH,"romantic-relationships"
"azrW-87DFAU","Hanif ki Shaadi | Standup Comedy by Munawar Faruqui | 2023","anecdotal-storytelling;crowd-work-heavy","","romantic-relationships","U/A",FALSE,HIGH,"anecdotal-storytelling;crowd-work-heavy"
"wk62YFS3gqc","Munawar Faruqui - DHANDHO - Standup Comedy (Full Special)","observational-comedy","","corporate-and-work-life;travel-and-experiences","U/A",FALSE,LOW,""
"vh3km-f3kMI","War & Gen-Z | Standup Comedy | Munawar Faruqui | 2025","","","","U/A",FALSE,LOW,""
"RfbS_zVrhV8","JAADOO TONA | STAND UP COMEDY BY NAMAN JAIN","observational-comedy","","travel-and-experiences","U/A",FALSE,LOW,""
"fQ8kpMzFqZg","Bachpan | Standup Comedy Special BY NAMAN JAIN","observational-comedy;anecdotal-storytelling","nostalgic-and-warm","family-and-upbringing","U/A",FALSE,LOW,""
"JXFQBLl2WIw","NATE JACKSON OCTOBER 2025 CROWD WORK JOINT","crowd-work-heavy","","travel-and-experiences","U/A",FALSE,LOW,""
"cE7wdyD5U6s","NATE JACKSON February 2026 CROWD WORK JOINT","crowd-work-heavy","","romantic-relationships;mental-health-and-struggles;travel-and-experiences","U/A",FALSE,LOW,""
"QbNv1LMPdPI","Bassi & Kapil Sharma REVEAL Comedy Secrets, On-Set Moments & More with the Gang | TGIKS | Netflix","","","","U/A",FALSE,LOW,""
"3tR6mKcBbT4","8:46 - Dave Chappelle","","","","U/A",FALSE,LOW,""
"n3l4hJS0jsc","40 Minutes of Black Comedy Excellence","","dark-and-cynical","","U/A",FALSE,LOW,""
"rp9uFWWBmdE","Bill Burr, Sebastian Maniscalco, and more on Stand-up vs Therapy | Netflix","","","family-and-upbringing;mental-health-and-struggles","U/A",FALSE,HIGH,"family-and-upbringing"
"L7ExBB0XdaU","Gaaliyan emotion hai | Standup Comedy by Nishant Suri","","","","U/A",FALSE,LOW,""
"Bp29wwaZIYo","Taylor Tomlinson on Prodigal Daughter, Stand-Up & Life | You Made It Weird #peteholmes","","","family-and-upbringing;corporate-and-work-life;mental-health-and-struggles","U/A",FALSE,HIGH,"corporate-and-work-life"
"MmtiZ1GohoY","Phil Hanley | Live in San Francisco | Full Crowd Work Show","crowd-work-heavy","","","U/A",FALSE,LOW,""
"sYXi5bG2Twg","TRIP WITH GIRLFRIEND"" -  Stand Up Comedy ft. Pranav Sharma","observational-comedy","","family-and-upbringing;romantic-relationships;cultural-commentary;travel-and-experiences","U/A",FALSE,HIGH,"cultural-commentary"
"TSGWdEo90tE","INSECURITY"" ||  Stand Up Comedy by Pranav Sharma","observational-comedy","","","U/A",FALSE,LOW,""
"_YWQzYMX0Dk","Flight, Button aur Do Trial Jokes || Stand Up Comedy by Pranav Sharma","observational-comedy;rapid-fire-one-liners","","everyday-absurdities","U/A",FALSE,LOW,""
"4hLnDkV-kwQ","Delhi Belly | Pranit More | Stand-up Comedy | Crowd Work Special","crowd-work-heavy;observational-comedy","","","U/A",FALSE,LOW,""
"OK_1aHz6K2c","Generation Gap | Pranit More | Stand-Up Comedy","crowd-work-heavy;observational-comedy","","","U/A",FALSE,LOW,""
"O0PRgYHI0XQ","Ladies Special 2 | Pranit More | Stand-up Comedy | Crowd Work Special","crowd-work-heavy;observational-comedy","","family-and-upbringing;romantic-relationships","U/A",FALSE,HIGH,"family-and-upbringing"
"Kzz_wtyvJ8Q","Ladies Special | Pranit More | Stand-up Comedy | Crowd Work Special","crowd-work-heavy;observational-comedy","","","U/A",FALSE,LOW,""
"nM2GiLfoZZY","The Last PM Show | Pranit More | Stand-up Comedy","observational-comedy","","","U/A",FALSE,LOW,""
"gATlVX3IMlQ","Date pe Chalein | Pranit More | Stand-up Comedy | Crowd Work Special","crowd-work-heavy;observational-comedy","","","U/A",FALSE,LOW,""
"SnspIerLmOo","Sigma Male | Pranit More | Stand-Up Comedy | Crowd Work Special","crowd-work-heavy;observational-comedy","","travel-and-experiences","U/A",FALSE,LOW,""
"E7PZLZignvM","Cheater Wife | Pranit More | Stand-up Comedy | Crowd Work Special","crowd-work-heavy;observational-comedy","","romantic-relationships","U/A",FALSE,LOW,""
"2x9U6q1eCwk","Ladies Special 3 | Pranit More | Stand-up Comedy | Crowd Work Special","crowd-work-heavy;observational-comedy","","romantic-relationships","U/A",FALSE,LOW,""
"nssdB76CyyM","Pride Show | Pranit More | Stand-up Comedy | Crowd Work Special","crowd-work-heavy;observational-comedy","","","U/A",FALSE,LOW,""
"7gWd1ljuq60","PRANIT KO GUSSA KYUN AAYA? | Pranit More | Stand-up Comedy | Crowd Work Special","crowd-work-heavy;observational-comedy","","travel-and-experiences","U/A",FALSE,LOW,""
"_3AKjy3oJl8","Pyar Ka Punchnama | Pranit More | Stand-Up Comedy | Crowd Work Special","crowd-work-heavy;observational-comedy","","family-and-upbringing;romantic-relationships;travel-and-experiences","U/A",FALSE,HIGH,"romantic-relationships"
"3RSAeEmgbf8","Cheater Girlfriend | Pranit More | Stand-up Comedy | Crowd Work Special","crowd-work-heavy;observational-comedy","","romantic-relationships;travel-and-experiences","U/A",FALSE,LOW,""
"W8-n2o8CaFU","TRUMP v2.0 | Standup Comedy by Rahul Dua | 2025","","","cultural-commentary;travel-and-experiences;political-satire","U/A",FALSE,LOW,""
"R-CFngU1qRY","RAHUL SUBRAMANIAN | FULL STAND UP COMEDY SPECIAL | WHO ARE YOU?","observational-comedy","","corporate-and-work-life;travel-and-experiences","U/A",FALSE,LOW,""
"AgQ8RV3zn2A","Attitude | Stand-up Comedy by Ravi Gupta","crowd-work-heavy;observational-comedy","sarcastic-and-biting","mental-health-and-struggles","U/A",FALSE,HIGH,"crowd-work-heavy;mental-health-and-struggles"
"l-5SVa_JWUM","Taylor Tomlinson's Gotta Get A Wife! | Russell Howard's Five Brilliant Things | Full Episode","observational-comedy","","family-and-upbringing;romantic-relationships;corporate-and-work-life;travel-and-experiences","U/A",FALSE,HIGH,"corporate-and-work-life"
"LhpZJwUboeI","Samay Raina - STILL ALIVE (Full Special)","observational-comedy","","family-and-upbringing;corporate-and-work-life;political-satire;travel-and-experiences","U/A",FALSE,HIGH,"family-and-upbringing;political-satire"
"eHTXQW58WhA","INDIA’S GOT LATENT S2 EP1 ft. Alia Bhatt, Sharvari, Ashish Solanki","crowd-work-heavy","","corporate-and-work-life","U/A",FALSE,LOW,""
"c35fpGWqXnk","INDIA’S GOT LATENT S2 EP2 ft. Harssh Limbachiya, Kiku Sharda, Chandan Prabhakar","crowd-work-heavy","","corporate-and-work-life","U/A",FALSE,LOW,""
"aSR1tndcaLE","INDIA’S GOT LATENT S2 EP3 ft. Raghu Ram, Vishal Dadlani, Tanmay Bhat, Yashraj","crowd-work-heavy","","corporate-and-work-life","U/A",FALSE,LOW,""
"B6NVvtIz9_Q","INDIA’S GOT LATENT S2 EP4 ft. Karan Aujla, Tanmay Bhat, Gurleen Pannu, Rahul Dua","crowd-work-heavy","","","U/A",FALSE,LOW,""
"wVBf39WPInc","BHARWO KE KHILADI | Life is Unfair","","","","U/A",FALSE,LOW,""
"Qm6AwT7lBgw","Chill Sesh Ep 5 Johny Lever | Sapan Verma @AakashGupta @Its_jamielever","physical-and-energetic","","","U/A",FALSE,HIGH,"physical-and-energetic"
"3eOkj9uCfT0","Shamik Chakrabarti: Despite Appearances | Full Stand-Up Comedy Special","observational-comedy","","","U/A",FALSE,LOW,""
"kmcnAEP14Sk","I Finally Said Yes | Standup Comedy Special by Shashi Dhiman","observational-comedy","","romantic-relationships;travel-and-experiences","U/A",FALSE,LOW,""
"FX8x_4me_R8","Behen Ka Swayamvar | Standup Comedy by Shubham Pujari","anecdotal-storytelling","","family-and-upbringing;romantic-relationships;cultural-commentary","U/A",FALSE,HIGH,"anecdotal-storytelling"
"hzDZsuKG6R8","Chhoti Soch | Standup Comedy Special by Shubham Pujari","observational-comedy","","romantic-relationships","U/A",FALSE,LOW,""
"vNmpl8iolY0","Taylor Tomlinson Isn't Settling","","","romantic-relationships;corporate-and-work-life;mental-health-and-struggles","U/A",FALSE,HIGH,"mental-health-and-struggles"
"xhpVSauk5n8","Journey Of A Joke feat. Anubhav Singh Bassi | Cheating","","","romantic-relationships","U/A",FALSE,LOW,""
"mTfSyBqwIV8","Family First | Stand-up comedy by Swati Sachdeva | U/A 16+","observational-comedy","wholesome-and-lighthearted","family-and-upbringing","U/A",FALSE,LOW,""
"bg7PJgHdZqI","ZAKIR'S GOT LATENT","crowd-work-heavy","","","U/A",FALSE,LOW,""
"GOJuBY3oOtE","The Lavari Show EP 12 | ft. Zakir Khan | આપણો પોતાનો ઝાકીર | The Comedy Factory","","","corporate-and-work-life","U/A",FALSE,LOW,""
"RENkIsGc--0","Abhishek Upmanyu करने लगे अपनी ही Shows को Roast | The Kapil Sharma Show 2 | Ep 292 | Full Episode","observational-comedy;crowd-work-heavy","sarcastic-and-biting","","U/A",FALSE,LOW,""
"EOJJcgnHPPk","CRAZIEST Crowd Work Moments of 2024 | Trevor Wallace","crowd-work-heavy","","travel-and-experiences","U/A",FALSE,LOW,""
"gIJPY3AM0nk","A Crowd Work Special with Trevor Wallace","crowd-work-heavy","","travel-and-experiences","U/A",FALSE,LOW,""
"4UQTaw6yXa4","25 Minutes Of Top Notch Comedy From Ricky Gervais","","","","U/A",FALSE,LOW,""
"qRdFOYaTZC0","Dhurandhar In Depression | Stand Up Comedy Special Ft.Vaibhav Arora","observational-comedy","","romantic-relationships;corporate-and-work-life;mental-health-and-struggles","U/A",FALSE,LOW,""
"O-sdocGbdRg","Varun Grover || Comedy Special || Nothing Makes Sense","observational-comedy","","corporate-and-work-life;travel-and-experiences","U/A",FALSE,LOW,""
"xNfDz6ZClj4","Gravity vs Comedy | Upmanyu | Biswa | Prashasti | Grover | All India Rank | Releasing 23rd Feb","","","corporate-and-work-life;mental-health-and-struggles","U/A",FALSE,LOW,""
"zX9oWQoTjWM","UNDERSTANDING COMEDY ft.@SamayRainaOfficial","rapid-fire-one-liners","","","U/A",FALSE,HIGH,"rapid-fire-one-liners"
"jMDq_yxvv5c","Loose Emotions EP 9| Stand Up Comedy | @RajatSood  Kaustubh Agarwal & Vidit Sharma","observational-comedy","","family-and-upbringing;romantic-relationships;corporate-and-work-life","U/A",FALSE,HIGH,"romantic-relationships"
"-IiLZJ9ebvo","Hello Hello | Best Ever Phone Compilation |Crowd Work | Stand Up Comedy | Ft @VikasKushSharma","crowd-work-heavy;observational-comedy","","family-and-upbringing;romantic-relationships;travel-and-experiences","U/A",FALSE,LOW,""
"28A9XKrtnA4","Halki Halki Fati By Vikas Kush Sharma | Part 2 | Crowd Work Standup Comedy Special | Standup Comedy","crowd-work-heavy;observational-comedy","","corporate-and-work-life;travel-and-experiences","U/A",FALSE,LOW,""
"vflWLItnwfA","CLASS | Zakir khan | Stand up Comedy | Sukha Puri 8","anecdotal-storytelling;observational-comedy","","romantic-relationships;cultural-commentary","U/A",FALSE,HIGH,"anecdotal-storytelling"
"OQQ1sGphUj4","“Meri Dastaan sunana” Zakir Khan at Spoken 2017","anecdotal-storytelling","","romantic-relationships","U/A",FALSE,LOW,""
"EV-rF0N1was","Tafseel Se Baatein - Zakir Khan in Conversation with Aamir Khan and Mansoor Khan","anecdotal-storytelling","nostalgic-and-warm","corporate-and-work-life","U/A",FALSE,HIGH,"corporate-and-work-life"
