video_id,channel_id,channel_title,comment_count
"-IiLZJ9ebvo","UC5CzL1x6Jb9widCZ4KmIOLw","Vikas Kush Sharma",122
"-b-eXMTqWhg","UCU_j3IKa6DA-b7kvBLO4PDg","cakeorder",6
"-lY9e3kVGa8","UCI8C5rWm0Sjjy5L_iW3lpJA","Hasnaat Khan",45
"0NV8vLGELYs","UCQpGWzIG0vQVKGifv7XIAMQ","SML Movie Jeffy ",44
"0qGd6KXh_ig","UCswF7Gmmo9agyFZeFMiPeqA","TARIK KOUTARI",502
"18RK-9T9rwc","UCneyi-aYq4VIBYIAQgWmk_w","Ranveer Allahbadia",4490
"1CEASoUfnA8","UCONyK8Xe-bs_ToDvrNclYoQ","This Past Week In Comedy",117
"1eHxYhQmjDI","UCO8r03SgNVYSihTUb6r3qCg","Great Indian Comedy Central",671
"1g2OovPCJY0","UC_yVJyx7hIbUmunNAZobd4Q","The S2 Life",155
"1gZMyVC4qOA","UC6rBvNK3OAeWXX431splc9w","StandUp Central",3
"1oQIiVM94do","UCVv6kyAIGq7VrcfmvZGIAyA","Daily Dose of Comedy Clips",166
"28A9XKrtnA4","UC5CzL1x6Jb9widCZ4KmIOLw","Vikas Kush Sharma",268
"2MHW9PvK1xw","UCkwqoXoJa1FiNqx0FUn30jQ","UPDATE YOURSELF",7
"2g93525nrOs","UCh1nI2KoL8snz4LfAuZqj7Q","Manhar Seth",918
"2m2520TuUdk","UCJ9hfZ2sU7jFT9isA2rN58Q","800 Pound Gorilla Media",9882
"2x9U6q1eCwk","UCBpYhz2nYLWulLJTTJ9cqsA","Pranit More Official",3164
"3HmE5pIWuWw","UCoKWLPZ2N5SuO54r_SFwpAw","education centre ",0
"3RI5tgjjwTA","UCG9DuXf3RCqOHgaLEEFhcCw","After Midnight",5740
"3RSAeEmgbf8","UCBpYhz2nYLWulLJTTJ9cqsA","Pranit More Official",1097
"3RWA4IzuVvA","UCdFGdIh0CZa_oF8MJAowsEw","Akaash Singh",1442
"3eOkj9uCfT0","UCmphmwYd7MvMecLzYzglQ-A","Shamik Chakrabarti",2556
"3mRtw5Zmk-s","UCX8Itw-ebA_8-Yv4R0G_hlg","Punchline Powerhouse",146
"3tR6mKcBbT4","UCObk_g1hQBy0RKKriVX_zOQ","Netflix Is A Joke",81864
"4Qa31e4cQwc","UCx4Vg6a4tR6c1Qn6eJpJzJQ","روتيناتي في بيت الكراء ",4
"4UQTaw6yXa4","UCZIv78thfup6-JB5HxqT3Pg","Universal Comedy",414
"4Z-KLkjICoY","UCGmhWgV9bmslB0Levatl6qA","Harsh gujral",5679
"4hLnDkV-kwQ","UCDKKgIxi5uI2QuLoHfN94Sg","Pranit More Crowdwork Clips",474
"4ie-LR2JDPE","UCx1Fxl7pFuccFkcOA4mSfZA","India's Got Latent Clips",1212
"4jQevk9XN-k","UCveLYYTzy3rQinrC1WzA2hg","Thakur Shahab",7
"4oKEN73VIjQ","UCjMvBsQyKu8gvY2fenu2Aew","Yuvaa",936
"5D-ycQ1kmJg","UCPs2i5H3ML_l5kCcxouYJUg","Taylortompodcast",12
"5S5iZZEtTkg","UCtw7q4SyOeoCwM1i_3x8lDg","Comedy Central Stand-Up",1264
"5_CgTohvu24","UC6rBvNK3OAeWXX431splc9w","StandUp Central",5
"5is7HU9-Svc","UCUQbSc1HywX9kFyFX3UP2VA","Daily Dose of Comedy & Twitch Clips",1145
"5j18OH3b6wI","UC0a6k1PuUJrZMJ01xg_wyHQ","Inder Sahani",2633
"7gWd1ljuq60","UCBpYhz2nYLWulLJTTJ9cqsA","Pranit More Official",1384
"7xNHz6lwxYs","UCaUr7y4F9lWGnZ0cbUZyzYA","Aashish Solanki",15330
"7z3LrBWctlI","UCJ9hfZ2sU7jFT9isA2rN58Q","800 Pound Gorilla Media",225
"84W1O3Wgtaw","UCpEhnqL0y41EpW2TvWAHD7Q","SET India",306
"85-jKDaZfoQ","UCpEhnqL0y41EpW2TvWAHD7Q","SET India",8118
"87pMI5N1CTw","UCQpGWzIG0vQVKGifv7XIAMQ","SML Movie Jeffy ",121
"8O8v-VwvxK4","UCNlKpfpNe_Lo2dyeRcWfq6w","Taylor Tomlinson Comedy ",18
"8bhOaj62Xrg","UC3KeJeMvRwOCErCLYZ1TE_A","PodSprout Clips",11
"98H7NpD_IeM","UC0a6k1PuUJrZMJ01xg_wyHQ","Inder Sahani",906
"9C8iTsRuM_Q","UC_yVJyx7hIbUmunNAZobd4Q","The S2 Life",189
"9D1_TnXvtWY","UCsv4YOF2RBYh0NQ1vuHQ-hg","Comedy Central UK",569
"9RfQFS2hCzA","UCBIT1FSJW6yTlzqK-31FDWg","LIV Comedy",127
"9U13KM2ueV4","UCG-cY3xD3S-oEkdM_5xHMxw","Vulture",173
"ARcMGz2csWk","UCjqTFB0CJPMjOTciQOcJAwg","Comedy By Copy",19
"AVmcwgeB340","UCdk8YjMK7CRrrNdkYb3UUFA","Pundank",71
"AgQ8RV3zn2A","UCyGR5vfdIzNj6VRY13nzO-g","Ravi Gupta",18719
"AmqXsWRHx1w","UCwV_A5L1hhEVfld6Wbxn3jg","CineDesi",645
"Az38f7cUzK8","UCAYum5hCyfkSH5T3vSD_kwQ","Aakash Gupta",8268
"B5oW6d7AJ78","UCNlKpfpNe_Lo2dyeRcWfq6w","Taylor Tomlinson Comedy ",9
"B6NVvtIz9_Q","UCAov2BBv1ZJav0c_yHEciAw","Samay Raina",43886
"BTz1r0jzl0M","UCmQCEVKEYpKxG8NwXnfIbCw","Jaspreet Singh",6531
"BUI0sGnx9Us","UCtw7q4SyOeoCwM1i_3x8lDg","Comedy Central Stand-Up",878
"Bgpji_zyHPE","UCzNq9i-DlDDBLjPerVzJW-A","Kenny Sebastian",658
"BjloZ57TF78","UCw3G3ZzKZJPxi02tix2sZvA","Chappelle’s Comedy Corner",579
"Bp29wwaZIYo","UCawXRnfJ0RB_vZtxecZeMvA","Pete Holmes",329
"C-La-8WKpZc","UCE6X1pQGelFOQHoTFplfPoA","dave chappelle documentary",32
"C4s5opLTvDY","UCj9rM6F12OMfdQfE4CoR92w","Zindagi with Richa",647
"C8zpoNyX_4I","UC_yOmsM3H9shTpLLiQ62FuQ","Haste Raho Bhaiya",0
"CcxvI8tjblQ","UCX8Itw-ebA_8-Yv4R0G_hlg","Punchline Powerhouse",5
"Cfycu3Z0U7k","UCvysYHHt5MXH8cVAUGG60sA","Pathan Sameer Official",89
"DQePNw_WZQ4","UCJVSs3f-sSMZcIV89Xs-R4A","Amit Tandon",586
"DRyBEzdhRxc","UCw7xjxzbMwgBSmbeYwqYRMg","Sony PAL",5
"DsQUss6pXEQ","UCHPmi9rl0Ze8tsudMi09G4g","KS Comedy ",4
"DxAsqinkmyE","UCrxLfAJy4cbNk-Yo_7aCduQ","Gaurav Kapoor Vlogs",3796
"E16WhXcIghM","UC4muYPMCSYigqIwRjVWkQ2Q","Abhishek Upmanyu",39002
"E5VgciBKNuc","UCC_5rcKYN-D47MDkpinscjw","Magic Flicks",58
"E7PZLZignvM","UCBpYhz2nYLWulLJTTJ9cqsA","Pranit More Official",9012
"EJzZ3ftkyt0","UCeP5_FL11TnvXuvrFvALJyA","Gaurav Kapoor",2859
"EOJJcgnHPPk","UCc35WvHmQjLE8NN4Y_ITmUQ","Trevor Wallace",474
"EV-rF0N1was","UCkS7Vxu4PjM99w0Is6idjcg","Zakir Khan",1021
"EZfchrc6e9Q","UCeudZuDYinOWlWk69fTZCTg","Learn By KK Create",3934
"F8mX7rh3Kq0","UC0a6k1PuUJrZMJ01xg_wyHQ","Inder Sahani",1391
"FMMbB9CdOGw","UCaX90_LEc6LkQwwfDMvfoBg","Bass Drop Studio",93
"FX8x_4me_R8","UCnHcXyiovC7jLLPddc4Ezkw","Shubham Pujari",1862
"Fjy4rehUM8M","UCB1v0X3Tbfum4sKWkO61NrQ","Great Indian Laughter Show",4
"FtDv-L1stdo","UCGmhWgV9bmslB0Levatl6qA","Harsh gujral",17504
"G9GCLr3K1RQ","UCk3C1TCvURojRaCte6jO9xw","bhartiyastandup",0
"GIDAWNQzblw","UC-kJeqtRWBKmoe44OVhXH9A","BHARTI TV",1404
"GOJuBY3oOtE","UCu1aSs2qmjySrt_HkEmblvQ","The Comedy Factory",472
"GfwYdm1UNGk","UC6rBvNK3OAeWXX431splc9w","StandUp Central",6
"GiSE9EnpJcs","UC9PUUBacQBF8I5iT8R8kwaQ","Its",0
"Gub6fcm4n_k","UCahu7YZaFAHrw9H13a1QW_g","Lachlan Patterson",1085
"H5F3KLYqFFQ","UCFEej6nih_Vurit_4rHeivw","Entertaining Omi",13
"HAqVEM6DzvU","UC1Pf5Jnx-R42mWyk4lOTe2A","Chirag Panjwani",2842
"HFFLx60OVRY","UCz7AfJ3PgwlVDx6vnq1ffTQ","The Testing Acadmy ",7
"HGQd4262O6s","UCHOKvQW2N4kLVhKYn2bvF7A","Prakhar Gupta",579
"HhcDLgtItu4","UCQclRCNPd5YzP68OMs2ossg","Vishal Jadon",556
"I1bNuR8s5uM","UC6rBvNK3OAeWXX431splc9w","StandUp Central",2
"IEfBBYmxtIo","UCKnZHF24IV9PT0cdSdHoWug","Anubhav Singh Bassi",50737
"IMiPGuUQ83w","UC33td0PaDe9x1_cREnxBIVg","Viento Nómada",613
"IRBaZVILUq0","UC-6wOppRqVOWhOqPeNUm7-A","cleantones",8842
"IcAV5qiko8M","UC4muYPMCSYigqIwRjVWkQ2Q","Abhishek Upmanyu",22415
"IcyKZF8PU4c","UC__1MDk4Tyu5P9vN-9tKiDg","Page",1719
"IyMdcXl4vag","UCpEhnqL0y41EpW2TvWAHD7Q","SET India",3531
"J9BeQAJmx3g","UCDUgBJnjkswDhJfAsS4GjJg","Kaviraj Singh",14171
"JBTMzFATdj8","UCx4Vg6a4tR6c1Qn6eJpJzJQ","روتيناتي في بيت الكراء ",9
"JHbgA38R1OM","UCEiJQ6Uohu1mUHMIoCiOlPw","Gary Owen",3424
"JXFQBLl2WIw","UCstjsMVvSsV_kT0rworEidA","Nate Jackson",1430
"K-ZwTpeBLzo","UCvlVuntLjdURVD3b3Hx7kxw","Dry Bar Comedy",2176
"KOXe0TU3Sjo","UC5XhPZIzfsWh-cWuogQRblw","AAP TAK 24",22
"KsEoGDgKdwQ","UCaUr7y4F9lWGnZ0cbUZyzYA","Aashish Solanki",29337
"Kzz_wtyvJ8Q","UCBpYhz2nYLWulLJTTJ9cqsA","Pranit More Official",6091
"L-Rdi5ipt1A","UCPs2i5H3ML_l5kCcxouYJUg","Taylortompodcast",3
"L4eJe-jv2xU","UCU_j3IKa6DA-b7kvBLO4PDg","cakeorder",22
"L7ExBB0XdaU","UC8Lt51rjGS_RbGQsta-xiEQ","Nishant Suri",1159
"LFHKiq0HYzc","UCx8Z14PpntdaxCt2hakbQLQ","The Lallantop",1000
"LFf4ZFln5ic","UCNlKpfpNe_Lo2dyeRcWfq6w","Taylor Tomlinson Comedy ",10
"LOEMhT9JFW0","UC6rBvNK3OAeWXX431splc9w","StandUp Central",0
"LZoex8Gyqw4","UCU_j3IKa6DA-b7kvBLO4PDg","cakeorder",9
"LhKGrmP6wGE","UCX_iv7NULECPXfKztYx_3Ng","Laksh maheshwari",1355
"LhpZJwUboeI","UCAov2BBv1ZJav0c_yHEciAw","Samay Raina",211435
"M8ICGx4p0lA","UCzwCEE_PchiBULMnAJqhGVg","Raj Shamani",4337
"MmtiZ1GohoY","UC-r4Tg3nBRALtxJn12fFP_Q","Phil Hanley",1481
"MmzEpLfwpDc","UCU_j3IKa6DA-b7kvBLO4PDg","cakeorder",0
"MnoGUOGy0Go","UCX8Itw-ebA_8-Yv4R0G_hlg","Punchline Powerhouse",25
"MwsHgn_jdIY","UCGmhWgV9bmslB0Levatl6qA","Harsh gujral",3736
"NYdYI4U-igI","UCwV_A5L1hhEVfld6Wbxn3jg","CineDesi",813
"NcK50mhI3TQ","UCtWoDeegvTPfuuNm_ilJntg","Son Of Abish",40
"NgAI8fxOtKQ","UCGCIGHGbWAhJRQVQFD7CV-A","Comic Arvind",257
"O-sdocGbdRg","UCDE7MoDdJwleaIAd3qFJF1A","Varun Grover",7455
"O0PRgYHI0XQ","UCBpYhz2nYLWulLJTTJ9cqsA","Pranit More Official",4923
"O7n3vq4_0Zw","UCKLdDch-_CWmK3OGuf_8qnQ","Cuộc Sống Miền Quê",1
"OCIa0cnYac0","UCONyK8Xe-bs_ToDvrNclYoQ","This Past Week In Comedy",54
"OK_1aHz6K2c","UCDKKgIxi5uI2QuLoHfN94Sg","Pranit More Crowdwork Clips",209
"OLGrx-m-0iA","UCBZo4bO6K7JKnIv6HBWhkzg","800 Pound Gorilla SFW Comedy",343
"ONiMILytYok","UC11O9Kt8H4O37Tfjyxz1O9Q","Madhur Virli",1957
"OQQ1sGphUj4","UCkS7Vxu4PjM99w0Is6idjcg","Zakir Khan",9962
"OoViN6no9IY","UCcbhpngcGDw-LemvWaEaT0Q","Chalchitra Talks",1291
"Oy2QyPQ5L5M","UCQTmZczX5kGRgaPIgpy6CyQ","Max Amini",3160
"P1S77UakCig","UCTmTgWh2DeoblLw5AUz5U6A","Dark Comedy Cuts",156
"P6LkCNRLwCI","UC1Pf5Jnx-R42mWyk4lOTe2A","Chirag Panjwani",10474
"PFuZT7sWAcc","UCO8r03SgNVYSihTUb6r3qCg","Great Indian Comedy Central",235
"PMWMprq0oJc","UCIPnPp27nvOVQmbmuz1ioyg","Devesh Dixit",598
"PPjYWaqCffQ","UC11O9Kt8H4O37Tfjyxz1O9Q","Madhur Virli",7605
"PgkZHa3T4Tc","UC5wykvQBRm7DC0dtSe3KCSw","Haku Gore",20
"Q0_SEnaRzmo","UCU_j3IKa6DA-b7kvBLO4PDg","cakeorder",10
"QA3zd9omLJQ","UCU_j3IKa6DA-b7kvBLO4PDg","cakeorder",7
"QCA_4WQ_1Z8","UCx8Z14PpntdaxCt2hakbQLQ","The Lallantop",3492
"QI5GiTnmltM","UCDUhp92NhqVc0K3jSmWhgvA","Comedy Dynamics",1403
"QbNv1LMPdPI","UCZSNzBgFub_WWil6TOTYwAg","Netflix India",1406
"QccCmgU1O1Q","UCwV_A5L1hhEVfld6Wbxn3jg","CineDesi",1566
"Qm6AwT7lBgw","UCOu4kfKyeuZ5IibuVByvhgQ","Sapan Verma",1491
"QngJL3TlUh4","UCO8r03SgNVYSihTUb6r3qCg","Great Indian Comedy Central",819
"QpD7BYULwpY","UCVWmcFDWz7evOe0Zbly3l8Q","Don Giller",3221
"R-CFngU1qRY","UCvgMH5bd8JU_3KZ0BnBL4Vg","Rahul Subramanian",2884
"R7bVMWGpKOI","UCEiJQ6Uohu1mUHMIoCiOlPw","Gary Owen",776
"RENkIsGc--0","UC6WCgnZ7NBQOHC6wclkCaCg","The Kapil Sharma Show",861
"RHenOJXqu3I","UCQTmZczX5kGRgaPIgpy6CyQ","Max Amini",1100
"R_8noUfhhvI","UCKLdDch-_CWmK3OGuf_8qnQ","Cuộc Sống Miền Quê",1
"RfbS_zVrhV8","UCaiFduMjCfB7ILzL59nrHrw","Naman Jain",1788
"RjBoz1nfYqw","UC2BKodozho6piEdcSrb78jQ","KBC India",1024
"SVRH-pBw0cc","UCAYum5hCyfkSH5T3vSD_kwQ","Aakash Gupta",5087
"SnspIerLmOo","UCBpYhz2nYLWulLJTTJ9cqsA","Pranit More Official",3894
"SvxQlmznY5k","UCU_j3IKa6DA-b7kvBLO4PDg","cakeorder",1
"T6iS3P6_rbo","UCDUgBJnjkswDhJfAsS4GjJg","Kaviraj Singh",12404
"TGWnu2jz_ro","UCE6X1pQGelFOQHoTFplfPoA","dave chappelle documentary",332
"TQOnST8cefY","UCKLdDch-_CWmK3OGuf_8qnQ","Cuộc Sống Miền Quê",2
"TRUiOsZri_0","UCDANYi8ETLldGwMYWkUnL5w","The A2Z Empire",0
"TSGWdEo90tE","UCWdEI-adtq0qZIHCus4-6dQ","Pranav Sharma",4184
"TSi5zOfEaQE","UCf5jQ69wmmjojV8WtYw2EQw","Chris D'Elia",3791
"TUERjJCw0tE","UCo7R3jjfEMUJOeH9JvBQV7Q","Laugh Up Club",11050
"Tk0ic2m5Pn4","UC_yVJyx7hIbUmunNAZobd4Q","The S2 Life",354
"Tkebl7-vO2c","UCJVSs3f-sSMZcIV89Xs-R4A","Amit Tandon",885
"TqERzT7Qy_8","UCpcC5i8aizRqvn3WkVLHMFg","Khan Talks",5
"TxJ_lDsM5Cg","UCtw7q4SyOeoCwM1i_3x8lDg","Comedy Central Stand-Up",38
"U-SuiWkRAlo","UCaUr7y4F9lWGnZ0cbUZyzYA","Aashish Solanki",4026
"U6MIV_0fmc4","UC0a6k1PuUJrZMJ01xg_wyHQ","Inder Sahani",1145
"URfOK9CPDzY","UCzwCEE_PchiBULMnAJqhGVg","Raj Shamani",611
"UTEcYC28GNY","UCF3HC9AaHNwqpBOiFS-bpow","Aaditya Kulshreshth aka Kullu",1972
"UhGGULlayFY","UChD-tw6sCZk9C_Di3pB7jAA","Tuple Jr",6
"UuT98yX-l8E","UCC_5rcKYN-D47MDkpinscjw","Magic Flicks",34
"V1nUve3d0PY","UCbNZ9n6fyv_Y7Kxi2BIM5Uw","Chappelle's Show 2026",11
"VLWi2udFRzI","UCx4Vg6a4tR6c1Qn6eJpJzJQ","روتيناتي في بيت الكراء ",41
"VOc7Ky-c78U","UCNlKpfpNe_Lo2dyeRcWfq6w","Taylor Tomlinson Comedy ",4
"Vj6u-neu2AQ","UCONyK8Xe-bs_ToDvrNclYoQ","This Past Week In Comedy",1
"W4nTFxTeiX4","UCKtIwLrvq-pTJEaWbA7Wisw","Lucas Zelnick",102
"W8-n2o8CaFU","UCNqA44cRILQDwm9MG0vV-Og","Rahul Dua",2070
"W8orykrKmfc","UC_yVJyx7hIbUmunNAZobd4Q","The S2 Life",861
"WO0mT1R01KQ","UCObqIebAcMjBTLGNlOT1BNA","Respect (Standup Comedians) ",660
"WduM5-nT200","UC0a6k1PuUJrZMJ01xg_wyHQ","Inder Sahani",1067
"X035AnATXfQ","UC11O9Kt8H4O37Tfjyxz1O9Q","Madhur Virli",8979
"XOZ4gEMnOks","UCC-6SdLLhucfMREMVbujJRg","Cronotrig Multiverse",175
"XV8eCftsnn0","UCs0vG_VEATZYn0icG4X8cRg","UniversalUplift",97
"XaxfjV3PxYQ","UC6rBvNK3OAeWXX431splc9w","StandUp Central",4
"XfiuDCDCnlw","UCx4Vg6a4tR6c1Qn6eJpJzJQ","روتيناتي في بيت الكراء ",23
"Xz_0FKSL7Pw","UCnlRZzJ_mXXEoGyPzJxqoeg","Adam Papworth",748
"YbvJ8ZPHT6w","UCwV_A5L1hhEVfld6Wbxn3jg","CineDesi",918
"YnViX2Lgi70","UCwV_A5L1hhEVfld6Wbxn3jg","CineDesi",888
"YpgZCCnmT4k","UCpcC5i8aizRqvn3WkVLHMFg","Khan Talks",5
"YrkHZyQtKes","UCFhk_JAfHa_ONUwUNKDtl3A","KuchBhiMehta",2656
"ZG8io9Idkq0","UCPs2i5H3ML_l5kCcxouYJUg","Taylortompodcast",0
"ZVqSvoEmHuM","UCXMPMNwW06gfqLTXKAjEtDw","Blockbuster Comedy Express",0
"ZqTr77af2Bc","UCBIT1FSJW6yTlzqK-31FDWg","LIV Comedy",488
"Zu8iDI7S75s","UC2YKXCQ8wt1RFpQEELwILCQ","SXSW",118
"ZxGVEVFIJfE","UC6rBvNK3OAeWXX431splc9w","StandUp Central",41
"_3AKjy3oJl8","UCBpYhz2nYLWulLJTTJ9cqsA","Pranit More Official",1918
"_97GyWAiJPk","UCSKEdJnMTMn-zlC-XxOLU6g","Haseeb Khan",5418
"_MX7jvKoLsM","UCk2hNddcrBOJ_vwlFohhP-Q","Laugh Society",2281
"_Mb_LzPPozU","UCpEhnqL0y41EpW2TvWAHD7Q","SET India",2558
"_YWQzYMX0Dk","UCWdEI-adtq0qZIHCus4-6dQ","Pranav Sharma",12755
"_by6b1x7w5Q","UCX8Itw-ebA_8-Yv4R0G_hlg","Punchline Powerhouse",3
"_fWyWcZB7VA","UC4muYPMCSYigqIwRjVWkQ2Q","Abhishek Upmanyu",21421
"aAqy7kWpTmU","UCO8r03SgNVYSihTUb6r3qCg","Great Indian Comedy Central",38
"aKqBwUZfOtA","UCMTFtRCrHBJyuu4d4nXR01Q","PanDaddyPowa",1377
"aLwSHqVOOK4","UCq05lmT36q5mBrYm_BJWtyA","Baffour Anim",172
"aNrxme4-xl8","UC6rBvNK3OAeWXX431splc9w","StandUp Central",7
"aSR1tndcaLE","UCAov2BBv1ZJav0c_yHEciAw","Samay Raina",80527
"akGv9Ua9-Uc","UCzT95-0CwvMYbSPUKCeheag","Chappelle Stand Up",9
"azrW-87DFAU","UC4aTcVTewbHtLeV8eK3enwA","Munawar Faruqui",16292
"b-zDXuqQkaw","UCbw7SgLczbBOV9K0CW58gcQ","Mr.singh.3301",10
"bOifnCkPv-g","UC69hCFEmIzkTgXvyqJWARPA","ZAKI COMEDY SPECIAL",3
"bPAmJPRG_2g","UCwcWXGbmuFDwszMjhFFCjrg","Spicy Buzz",238
"bRtSGQYY3m4","UC-CSyyi47VX1lD9zyeABW3w","Dhruv Rathee",81686
"bg7PJgHdZqI","UC0rE2qq81of4fojo-KhO5rg","Tanmay Bhat",1770
"buwMAHwhB7I","UCwV_A5L1hhEVfld6Wbxn3jg","CineDesi",1106
"c35fpGWqXnk","UCAov2BBv1ZJav0c_yHEciAw","Samay Raina",67636
"c94E3TKZeNo","UCR4z8ccOWNoUThB4VAMNBTg","OUR STUPID REACTIONS",587
"cBVsxAJld_g","UCbNZ9n6fyv_Y7Kxi2BIM5Uw","Chappelle's Show 2026",126
"cE7wdyD5U6s","UCstjsMVvSsV_kT0rworEidA","Nate Jackson",452
"cHLM9L_5gj0","UC4aTcVTewbHtLeV8eK3enwA","Munawar Faruqui",19380
"cL_DuIwl_ik","UCf9BO33b-MnIxB5y0azrxmg","Jimmy Carr",256
"cQL0ID-Yo4U","UCfvTya0CoGzK4SfL90wcDdg","RISHI MUNI",26
"c_DPkzeMn1Q","UCf5jQ69wmmjojV8WtYw2EQw","Chris D'Elia",303
"cafcBnHqXaQ","UCf5jQ69wmmjojV8WtYw2EQw","Chris D'Elia",99
"cqIPpE0PspI","UCX8Itw-ebA_8-Yv4R0G_hlg","Punchline Powerhouse",12
"cyKWC0BCnIs","UC595IzZebQNC-N_MbGt49zg","TOP 10",40
"dXaJskhJ50Q","UCJxxKaNVBXUPxn5jHQizr2g","just ahsan",0
"doNOhHEEsRk","UCcsdfVEUmNyR4dGZ24uENDg","BEATS 28 Official",1
"dom3czIxbtY","UCx1Fxl7pFuccFkcOA4mSfZA","India's Got Latent Clips",621
"dql0eKnUGEA","UC6rBvNK3OAeWXX431splc9w","StandUp Central",167
"dxpRy64WtY0","UCwV_A5L1hhEVfld6Wbxn3jg","CineDesi",373
"e44hXvuy3OA","UCDUhp92NhqVc0K3jSmWhgvA","Comedy Dynamics",853
"eCwgLu6pbI4","UCx8Z14PpntdaxCt2hakbQLQ","The Lallantop",7255
"eHMyxD0kAFM","UCmnRK14QGsK4fUz_aHEoB4A","Kaustubh Agarwal",2699
"eHTXQW58WhA","UCAov2BBv1ZJav0c_yHEciAw","Samay Raina",102906
"ePpIH_u6bHE","UCdFGdIh0CZa_oF8MJAowsEw","Akaash Singh",3320
"eiRo6ZTsbH4","UCX8Itw-ebA_8-Yv4R0G_hlg","Punchline Powerhouse",27
"f-_gc17AhfU","UCabA1vTfUdhKj6Lcnvpu1vw","Comedy Video",64
"f3Y4rWf004M","UCo7R3jjfEMUJOeH9JvBQV7Q","Laugh Up Club",387
"fBfJmAAYVBI","UCneyi-aYq4VIBYIAQgWmk_w","Ranveer Allahbadia",5328
"fH_Lw-Xq_6Y","UCx1Fxl7pFuccFkcOA4mSfZA","India's Got Latent Clips",1629
"fQ8kpMzFqZg","UCaiFduMjCfB7ILzL59nrHrw","Naman Jain",814
"fUr3a-x_lqk","UCU_j3IKa6DA-b7kvBLO4PDg","cakeorder",9
"far4bOQE69E","UCIPnPp27nvOVQmbmuz1ioyg","Devesh Dixit",1413
"ftj16LX-sFE","UCKk1DfbCOBm_42PMyz7HqEA","Punchline",44
"fzRNriBqbk4","UCryPj6Vd6C-5GpDFAQHbbTQ","Chart master",153
"g3oNp6KQZJg","UCeP5_FL11TnvXuvrFvALJyA","Gaurav Kapoor",1903
"gATlVX3IMlQ","UCBpYhz2nYLWulLJTTJ9cqsA","Pranit More Official",1585
"gIJPY3AM0nk","UCc35WvHmQjLE8NN4Y_ITmUQ","Trevor Wallace",668
"gO8O5oTSbAU","UCKGhUCg5grC-8wJHT8z0agQ","How to Laugh",10
"gTILcD1Gjno","UCiIOZQNSjk2pnBSwau89pEA","Reactions By Suleman",447
"gVFHPz0BKhw","UCaUr7y4F9lWGnZ0cbUZyzYA","Aashish Solanki",1979
"gmO7W7yRTsk","UCj9rM6F12OMfdQfE4CoR92w","Zindagi with Richa",505
"h94zGD8Coo4","UCV7yW1tSECOrWf6TbCbrUrA","Reuben Solo",364
"hCsMlVYSyvU","UCKLdDch-_CWmK3OGuf_8qnQ","Cuộc Sống Miền Quê",3
"hDopzusS4s0","UClJc-8Isx8-vD8tMZkGGDpg","Madhur Virli - RAW",1639
"hEMJQakG6x8","UCKtIwLrvq-pTJEaWbA7Wisw","Lucas Zelnick",509
"hJm88TmxUC0","UCNlKpfpNe_Lo2dyeRcWfq6w","Taylor Tomlinson Comedy ",2
"hcLcw8LJF4E","UCKtIwLrvq-pTJEaWbA7Wisw","Lucas Zelnick",205
"hzDZsuKG6R8","UCnHcXyiovC7jLLPddc4Ezkw","Shubham Pujari",1506
"hzSvEUOn21U","UCxbFWT2YWDQxGkpnWmJsJuw","ARG Cinema",0
"iKNd3Pxom0w","UC6rBvNK3OAeWXX431splc9w","StandUp Central",86
"ibVwBUNjgOE","UCvlVuntLjdURVD3b3Hx7kxw","Dry Bar Comedy",2154
"ilNROAh6jbc","UC6rBvNK3OAeWXX431splc9w","StandUp Central",12
"inaR9tFTyZA","UC6rBvNK3OAeWXX431splc9w","StandUp Central",9
"iqsoORz6s0A","UCXMPMNwW06gfqLTXKAjEtDw","Blockbuster Comedy Express",0
"jABCT933dMg","UC3wRFLjQADV5JBYKjWJWnZw","MintyJam",53
"jIyJGGMIMhU","UCYyY8SIvdjeNr7wtZZ-0q7Q","Hasya Vibhag",0
"jKYf_UE1-vM","UCifnxf6RnT0bUzE6BP3WRKw","VIRAL KHABAR ",0
"jMDq_yxvv5c","UCai38RWi7uTuT3oJuSMFufw","Vidit Sharma",874
"jMSSjKPRg9Q","UCYyY8SIvdjeNr7wtZZ-0q7Q","Hasya Vibhag",6
"jM_BQYeiD5Y","UCxNQWe21hv-iE9x5tRofsDA","J.",2231
"jqUdnuxQijs","UCHOKvQW2N4kLVhKYn2bvF7A","Prakhar Gupta",10046
"jugEQ7RYQnE","UCX8Itw-ebA_8-Yv4R0G_hlg","Punchline Powerhouse",1
"k6WNXMLTB5o","UCeK0jhC7-Ot1bEaqvpr1Vaw","Cracked Comedy Club",560
"kWj8DQ5GTxM","UCs0vG_VEATZYn0icG4X8cRg","UniversalUplift",203
"k_913DleKSw","UCDANYi8ETLldGwMYWkUnL5w","The A2Z Empire",7
"kmcnAEP14Sk","UCJBprhMtYfZ1ftVw9IOmspA","Shashi Dhiman",881
"ku5BobRq0to","UCpeRzRS1b1NvY4og1huE7jw","Dostcast",1658
"l-5SVa_JWUM","UCnLxFpGiCi-u3RLx9uF8bOg","Russell Howard",275
"l5CirMZTS7E","UCQclRCNPd5YzP68OMs2ossg","Vishal Jadon",1412
"lDJMwShNGZY","UC6rBvNK3OAeWXX431splc9w","StandUp Central",9
"lDtJtkBOBj0","UCmQCEVKEYpKxG8NwXnfIbCw","Jaspreet Singh",3345
"lLRr_4DK9jk","UCJVSs3f-sSMZcIV89Xs-R4A","Amit Tandon",446
"lXW7ch5MP6o","UCx4Vg6a4tR6c1Qn6eJpJzJQ","روتيناتي في بيت الكراء ",36
"l_63zbTj9Hw","UCAYum5hCyfkSH5T3vSD_kwQ","Aakash Gupta",4928
"lml26vJH_Nw","UCNlKpfpNe_Lo2dyeRcWfq6w","Taylor Tomlinson Comedy ",37
"lupX9szykio","UCGVVGdMcWxF0KW4mCrmiNCQ","Joke WRLD",766
"lyq1S-MR7rg","UCNlKpfpNe_Lo2dyeRcWfq6w","Taylor Tomlinson Comedy ",1
"mTfSyBqwIV8","UCllSh_d1Brc9PLypjhm1_YA","Swati Sachdeva",5047
"mbOO0Z6ryO0","UCKnZHF24IV9PT0cdSdHoWug","Anubhav Singh Bassi",9937
"n3l4hJS0jsc","UCObk_g1hQBy0RKKriVX_zOQ","Netflix Is A Joke",6904
"nHxL-2tmk6o","UC6rBvNK3OAeWXX431splc9w","StandUp Central",0
"nM2GiLfoZZY","UCBpYhz2nYLWulLJTTJ9cqsA","Pranit More Official",8533
"nhyDUcIZoHc","UCpEhnqL0y41EpW2TvWAHD7Q","SET India",83
"nssdB76CyyM","UCBpYhz2nYLWulLJTTJ9cqsA","Pranit More Official",5251
"oCP7sU5CFeQ","UCQpGWzIG0vQVKGifv7XIAMQ","SML Movie Jeffy ",32
"oF32NqXdpBM","UCNlKpfpNe_Lo2dyeRcWfq6w","Taylor Tomlinson Comedy ",0
"oawMfCMLkHU","UCX8puwySi2vmz0YxCqoYMCg","James Donald Forbes McCann",4128
"oiSTUw1iaWc","UCf9BO33b-MnIxB5y0azrxmg","Jimmy Carr",1343
"ovabLBdHFIg","UCU_j3IKa6DA-b7kvBLO4PDg","cakeorder",15
"p0KzK8cZRN8","UCU_j3IKa6DA-b7kvBLO4PDg","cakeorder",6
"pY4j__UjTd8","UCwV_A5L1hhEVfld6Wbxn3jg","CineDesi",1974
"pZfLN4Wa7CI","UCJ9hfZ2sU7jFT9isA2rN58Q","800 Pound Gorilla Media",190
"p_HqJyq2SYU","UCdFGdIh0CZa_oF8MJAowsEw","Akaash Singh",8450
"pe8o3DtsfFA","UC6tOQYDVy8heJYcEb0VthYA","Best of Dave Chappelle",3
"peSI4j8NKR4","UCU_j3IKa6DA-b7kvBLO4PDg","cakeorder",10
"pqnhlrlrfmw","UCFhk_JAfHa_ONUwUNKDtl3A","KuchBhiMehta",1590
"pvc_XDDrwgc","UCg1sJ_FeQo3rjCm61YQmkaw","Comedy Club",3247
"q76EmGDFRHg","UCKLdDch-_CWmK3OGuf_8qnQ","Cuộc Sống Miền Quê",3
"qBf6RrN5eVE","UCwjWUUCiv_TPoErI9AZv6Lg","BEYONDLOCALGODDESSES",10
"qRdFOYaTZC0","UCNTlWxQJRVub7XJu6AWN9uw","Vaibhav Arora",386
"qkxuFKqJXWY","UCKnZHF24IV9PT0cdSdHoWug","Anubhav Singh Bassi",59628
"qmGWKB5sxbE","UC2mKA8JTOCeodl9bEK7w42Q","Matt Rife",734
"quAaUIbxHXA","UCKLdDch-_CWmK3OGuf_8qnQ","Cuộc Sống Miền Quê",1
"rPH5RUdaEMQ","UCcbhpngcGDw-LemvWaEaT0Q","Chalchitra Talks",4615
"rcxtc15dxIU","UCfvTya0CoGzK4SfL90wcDdg","RISHI MUNI",17
"rp9uFWWBmdE","UCObk_g1hQBy0RKKriVX_zOQ","Netflix Is A Joke",880
"rsGt7wkETK4","UCvlVuntLjdURVD3b3Hx7kxw","Dry Bar Comedy",1049
"rvnfD4SLL6s","UCbNZ9n6fyv_Y7Kxi2BIM5Uw","Chappelle's Show 2026",47
"s-ONlhskCrA","UCg1sJ_FeQo3rjCm61YQmkaw","Comedy Club",2912
"sB9eWtzTOq0","UCCYWagpWEequTwx61dYGT0w","Gianmarco Soresi",7099
"sYXi5bG2Twg","UCWdEI-adtq0qZIHCus4-6dQ","Pranav Sharma",4578
"szrOtbQRcPU","UCUg9Iv_KnZwTulS0cEi_mJQ","Comedy Time",10
"t4BfHoHawAM","UC4aTcVTewbHtLeV8eK3enwA","Munawar Faruqui",11863
"t8HrZTLRCeU","UC4muYPMCSYigqIwRjVWkQ2Q","Abhishek Upmanyu",25989
"tDUWWSBPmwM","UCbkeDlAoFQZASPS4Rd7v4kQ","Real Life Comedy Clips",3
"tpoL6y9NLGg","UCCAvaCp3gCQauGLSqDWwdpQ","True Reactors",16
"ts5FalYIzMw","UCtw7q4SyOeoCwM1i_3x8lDg","Comedy Central Stand-Up",1974
"txN_qF7Sk6k","UCv4BtTHeqclK5jWEnnGjT2Q","800 Pound Gorilla Comedy Slices",668
"u0C6nBRdmNw","UC_OhA5PSamBYGFGf1wOSKsQ","Thynk",139
"uHRH5PgJvHU","UC3pFJ1DlWa7xIuCaCDQwj9Q","Funflix Comedy",82
"ulTnvrrOKsM","UCVUx0VcNxnHx7ZjuZK5Sthw","Letterman",274
"uoJoyMRBKto","UCDjIKgLmzOK3kOQxMQdJvDQ","Dave BananaMic",50
"v1uuDwSg1II","UC2mKA8JTOCeodl9bEK7w42Q","Matt Rife",482
"v69-181zzk8","UCJ9hfZ2sU7jFT9isA2rN58Q","800 Pound Gorilla Media",2047
"vNmpl8iolY0","UC-_AkLn4A5iBr6BXN6waR_Q","So True with Caleb Hearon",821
"vflWLItnwfA","UCkS7Vxu4PjM99w0Is6idjcg","Zakir Khan",12366
"vh3km-f3kMI","UC4aTcVTewbHtLeV8eK3enwA","Munawar Faruqui",12288
"vrRR_Lv7Ams","UCx4Vg6a4tR6c1Qn6eJpJzJQ","روتيناتي في بيت الكراء ",9
"wL7YGZ4Cq8k","UCnndJYBNq9R6oKzzMNnmQOQ","SunRayBee Live",273
"wVBf39WPInc","UCAov2BBv1ZJav0c_yHEciAw","Samay Raina",10565
"weegmDivgrk","UC11O9Kt8H4O37Tfjyxz1O9Q","Madhur Virli",4324
"wk62YFS3gqc","UC4aTcVTewbHtLeV8eK3enwA","Munawar Faruqui",25399
"x35RJPwAd8Q","UC6rBvNK3OAeWXX431splc9w","StandUp Central",29
"x5cWXEsSsD0","UCFIHoSOVPN8p3cGfc_6DqQQ","Gursimran Khamba",3181
"xLzUOuwwDIE","UCONyK8Xe-bs_ToDvrNclYoQ","This Past Week In Comedy",38
"xNfDz6ZClj4","UCDE7MoDdJwleaIAd3qFJF1A","Varun Grover",2056
"xPVgUS_lW2o","UC_yVJyx7hIbUmunNAZobd4Q","The S2 Life",376
"xT1OUWODFNg","UCAaMAFV6idKGf51izzYY-mw","Crowd Crushers TV",134
"xhpVSauk5n8","UCtWoDeegvTPfuuNm_ilJntg","Son Of Abish",1122
"xxCfS1oUdTM","UC__heCdi81TNwSXQKgc3AiQ","Hustlesehasil",0
"y2QBXIUC0Gw","UCWNjO4Fje4VwHFLRT5K2dEA","Comedy Network ",21
"y4_x8Rhe9VQ","UCbkeDlAoFQZASPS4Rd7v4kQ","Real Life Comedy Clips",0
"yLXf4LXKHEk","UCE6iU76auE4WSjwnqhBgfWg","DAVE CHAPPELLE STAND UP",1
"yg8aTu1cyCw","UCzQUP1qoWDoEbmsQxvdjxgQ","PowerfulJRE",7319
"yj3uL4IdP70","UCrTeGn3Y00itEFtr0WbJWVw","solo x is live",5
"z6gc3_jAk64","UCJGj4L9QDJRrINmY1BAKYnA","ADMD Haste Raho TV",0
"zG10W6HYKTk","UCJ9hfZ2sU7jFT9isA2rN58Q","800 Pound Gorilla Media",3388
"zKUpf1Vx0vs","UCxY70x2COyMICgCfEwgVcJg","Gilly and Keeves",32343
"zQBUiuGWvIY","UCbNZ9n6fyv_Y7Kxi2BIM5Uw","Chappelle's Show 2026",40
"zTxkGUG4TVI","UCx1Fxl7pFuccFkcOA4mSfZA","India's Got Latent Clips",1022
"zX9oWQoTjWM","UCpjTx5WsF4yqyvGIYY8nuVg","Vidit Gujrathi",855
"zZCSz2B1JMU","UC1Pf5Jnx-R42mWyk4lOTe2A","Chirag Panjwani",1943
"zdhIKQX8Uzw","UCKyc2ejel9bTspIZR_4wJTQ","Hasi_Unlimited",0
"zyDmS4FXSQE","UCwV_A5L1hhEVfld6Wbxn3jg","CineDesi",400
